#syscall (v7.1.0-rc4 2026-05-19),x86,x86_kver,x86_64,x86_64_kver,x32,x32_kver,arm,arm_kver,aarch64,aarch64_kver,loongarch64,loongarch64_kver,m68k,m68k_kver,mips,mips_kver,mips64,mips64_kver,mips64n32,mips64n32_kver,parisc,parisc_kver,parisc64,parisc64_kver,ppc,ppc_kver,ppc64,ppc64_kver,riscv64,riscv64_kver,s390,s390_kver,s390x,s390x_kver,sh,sh_kver
accept,PNR,SCMP_KV_UNDEF,43,SCMP_KV_3_0,43,SCMP_KV_3_4,285,SCMP_KV_3_0,202,SCMP_KV_3_7,202,SCMP_KV_5_19,PNR,SCMP_KV_UNDEF,168,SCMP_KV_3_0,42,SCMP_KV_3_0,42,SCMP_KV_3_0,35,SCMP_KV_3_0,35,SCMP_KV_3_0,330,SCMP_KV_3_0,330,SCMP_KV_3_0,202,SCMP_KV_4_15,PNR,SCMP_KV_UNDEF,PNR,SCMP_KV_UNDEF,344,SCMP_KV_3_0
accept4,364,SCMP_KV_4_3,288,SCMP_KV_3_0,288,SCMP_KV_3_4,366,SCMP_KV_3_0,242,SCMP_KV_3_7,242,SCMP_KV_5_19,361,SCMP_KV_4_3,334,SCMP_KV_3_0,293,SCMP_KV_3_0,297,SCMP_KV_3_0,320,SCMP_KV_3_0,320,SCMP_KV_3_0,344,SCMP_KV_3_0,344,SCMP_KV_3_0,242,SCMP_KV_4_15,364,SCMP_KV_UNDEF,364,SCMP_KV_4_3,358,SCMP_KV_3_0
access,33,SCMP_KV_3_0,21,SCMP_KV_3_0,21,SCMP_KV_3_4,33,SCMP_KV_3_0,PNR,SCMP_KV_UNDEF,PNR,SCMP_KV_UNDEF,33,SCMP_KV_3_0,33,SCMP_KV_3_0,20,SCMP_KV_3_0,20,SCMP_KV_3_0,33,SCMP_KV_3_0,33,SCMP_KV_3_0,33,SCMP_KV_3_0,33,SCMP_KV_3_0,PNR,SCMP_KV_UNDEF,33,SCMP_KV_UNDEF,33,SCMP_KV_3_0,33,SCMP_KV_3_0
acct,51,SCMP_KV_3_0,163,SCMP_KV_3_0,163,SCMP_KV_3_4,51,SCMP_KV_3_0,89,SCMP_KV_3_7,89,SCMP_KV_5_19,51,SCMP_KV_3_0,51,SCMP_KV_3_0,158,SCMP_KV_3_0,158,SCMP_KV_3_0,51,SCMP_KV_3_0,51,SCMP_KV_3_0,51,SCMP_KV_3_0,51,SCMP_KV_3_0,89,SCMP_KV_4_15,51,SCMP_KV_UNDEF,51,SCMP_KV_3_0,51,SCMP_KV_3_0
add_key,286,SCMP_KV_3_0,248,SCMP_KV_3_0,248,SCMP_KV_3_4,309,SCMP_KV_3_0,217,SCMP_KV_3_7,217,SCMP_KV_5_19,279,SCMP_KV_3_0,280,SCMP_KV_3_0,239,SCMP_KV_3_0,243,SCMP_KV_3_0,264,SCMP_KV_3_0,264,SCMP_KV_3_0,269,SCMP_KV_3_0,269,SCMP_KV_3_0,217,SCMP_KV_4_15,278,SCMP_KV_UNDEF,278,SCMP_KV_3_0,285,SCMP_KV_3_0
adjtimex,124,SCMP_KV_3_0,159,SCMP_KV_3_0,159,SCMP_KV_3_4,124,SCMP_KV_3_0,171,SCMP_KV_3_7,171,SCMP_KV_5_19,124,SCMP_KV_3_0,124,SCMP_KV_3_0,154,SCMP_KV_3_0,154,SCMP_KV_3_0,124,SCMP_KV_3_0,124,SCMP_KV_3_0,124,SCMP_KV_3_0,124,SCMP_KV_3_0,171,SCMP_KV_4_15,124,SCMP_KV_UNDEF,124,SCMP_KV_3_0,124,SCMP_KV_3_0
afs_syscall,137,SCMP_KV_UNDEF,183,SCMP_KV_UNDEF,183,SCMP_KV_UNDEF,PNR,SCMP_KV_UNDEF,PNR,SCMP_KV_UNDEF,PNR,SCMP_KV_UNDEF,PNR,SCMP_KV_UNDEF,137,SCMP_KV_UNDEF,176,SCMP_KV_UNDEF,176,SCMP_KV_UNDEF,PNR,SCMP_KV_UNDEF,PNR,SCMP_KV_UNDEF,137,SCMP_KV_UNDEF,137,SCMP_KV_UNDEF,PNR,SCMP_KV_UNDEF,137,SCMP_KV_UNDEF,137,SCMP_KV_UNDEF,PNR,SCMP_KV_UNDEF
alarm,27,SCMP_KV_3_0,37,SCMP_KV_3_0,37,SCMP_KV_3_4,PNR,SCMP_KV_UNDEF,PNR,SCMP_KV_UNDEF,PNR,SCMP_KV_UNDEF,27,SCMP_KV_3_0,27,SCMP_KV_3_0,37,SCMP_KV_3_0,37,SCMP_KV_3_0,27,SCMP_KV_3_0,27,SCMP_KV_3_0,27,SCMP_KV_3_0,27,SCMP_KV_3_0,PNR,SCMP_KV_UNDEF,27,SCMP_KV_UNDEF,27,SCMP_KV_3_0,27,SCMP_KV_3_0
arch_prctl,384,SCMP_KV_4_12,158,SCMP_KV_3_0,158,SCMP_KV_3_4,PNR,SCMP_KV_UNDEF,PNR,SCMP_KV_UNDEF,PNR,SCMP_KV_UNDEF,PNR,SCMP_KV_UNDEF,PNR,SCMP_KV_UNDEF,PNR,SCMP_KV_UNDEF,PNR,SCMP_KV_UNDEF,PNR,SCMP_KV_UNDEF,PNR,SCMP_KV_UNDEF,PNR,SCMP_KV_UNDEF,PNR,SCMP_KV_UNDEF,PNR,SCMP_KV_UNDEF,PNR,SCMP_KV_UNDEF,PNR,SCMP_KV_UNDEF,PNR,SCMP_KV_UNDEF
arm_fadvise64_64,PNR,SCMP_KV_UNDEF,PNR,SCMP_KV_UNDEF,PNR,SCMP_KV_UNDEF,270,SCMP_KV_3_0,PNR,SCMP_KV_UNDEF,PNR,SCMP_KV_UNDEF,PNR,SCMP_KV_UNDEF,PNR,SCMP_KV_UNDEF,PNR,SCMP_KV_UNDEF,PNR,SCMP_KV_UNDEF,PNR,SCMP_KV_UNDEF,PNR,SCMP_KV_UNDEF,PNR,SCMP_KV_UNDEF,PNR,SCMP_KV_UNDEF,PNR,SCMP_KV_UNDEF,PNR,SCMP_KV_UNDEF,PNR,SCMP_KV_UNDEF,PNR,SCMP_KV_UNDEF
arm_sync_file_range,PNR,SCMP_KV_UNDEF,PNR,SCMP_KV_UNDEF,PNR,SCMP_KV_UNDEF,341,SCMP_KV_UNDEF,PNR,SCMP_KV_UNDEF,PNR,SCMP_KV_UNDEF,PNR,SCMP_KV_UNDEF,PNR,SCMP_KV_UNDEF,PNR,SCMP_KV_UNDEF,PNR,SCMP_KV_UNDEF,PNR,SCMP_KV_UNDEF,PNR,SCMP_KV_UNDEF,PNR,SCMP_KV_UNDEF,PNR,SCMP_KV_UNDEF,PNR,SCMP_KV_UNDEF,PNR,SCMP_KV_UNDEF,PNR,SCMP_KV_UNDEF,PNR,SCMP_KV_UNDEF
atomic_barrier,PNR,SCMP_KV_UNDEF,PNR,SCMP_KV_UNDEF,PNR,SCMP_KV_UNDEF,PNR,SCMP_KV_UNDEF,PNR,SCMP_KV_UNDEF,PNR,SCMP_KV_UNDEF,336,SCMP_KV_3_0,PNR,SCMP_KV_UNDEF,PNR,SCMP_KV_UNDEF,PNR,SCMP_KV_UNDEF,PNR,SCMP_KV_UNDEF,PNR,SCMP_KV_UNDEF,PNR,SCMP_KV_UNDEF,PNR,SCMP_KV_UNDEF,PNR,SCMP_KV_UNDEF,PNR,SCMP_KV_UNDEF,PNR,SCMP_KV_UNDEF,PNR,SCMP_KV_UNDEF
atomic_cmpxchg_32,PNR,SCMP_KV_UNDEF,PNR,SCMP_KV_UNDEF,PNR,SCMP_KV_UNDEF,PNR,SCMP_KV_UNDEF,PNR,SCMP_KV_UNDEF,PNR,SCMP_KV_UNDEF,335,SCMP_KV_3_0,PNR,SCMP_KV_UNDEF,PNR,SCMP_KV_UNDEF,PNR,SCMP_KV_UNDEF,PNR,SCMP_KV_UNDEF,PNR,SCMP_KV_UNDEF,PNR,SCMP_KV_UNDEF,PNR,SCMP_KV_UNDEF,PNR,SCMP_KV_UNDEF,PNR,SCMP_KV_UNDEF,PNR,SCMP_KV_UNDEF,PNR,SCMP_KV_UNDEF
bdflush,134,SCMP_KV_UNDEF,PNR,SCMP_KV_UNDEF,PNR,SCMP_KV_UNDEF,134,SCMP_KV_UNDEF,PNR,SCMP_KV_UNDEF,PNR,SCMP_KV_UNDEF,134,SCMP_KV_UNDEF,134,SCMP_KV_UNDEF,PNR,SCMP_KV_UNDEF,PNR,SCMP_KV_UNDEF,134,SCMP_KV_UNDEF,134,SCMP_KV_UNDEF,134,SCMP_KV_UNDEF,134,SCMP_KV_UNDEF,PNR,SCMP_KV_UNDEF,134,SCMP_KV_UNDEF,134,SCMP_KV_UNDEF,134,SCMP_KV_UNDEF
bind,361,SCMP_KV_4_3,49,SCMP_KV_3_0,49,SCMP_KV_3_4,282,SCMP_KV_3_0,200,SCMP_KV_3_7,200,SCMP_KV_5_19,358,SCMP_KV_4_3,169,SCMP_KV_3_0,48,SCMP_KV_3_0,48,SCMP_KV_3_0,22,SCMP_KV_3_0,22,SCMP_KV_3_0,327,SCMP_KV_3_0,327,SCMP_KV_3_0,200,SCMP_KV_4_15,361,SCMP_KV_UNDEF,361,SCMP_KV_4_3,341,SCMP_KV_3_0
bpf,357,SCMP_KV_3_18,321,SCMP_KV_3_18,321,SCMP_KV_3_18,386,SCMP_KV_3_18,280,SCMP_KV_3_18,280,SCMP_KV_5_19,354,SCMP_KV_3_18,355,SCMP_KV_3_18,315,SCMP_KV_3_18,319,SCMP_KV_3_18,341,SCMP_KV_3_18,341,SCMP_KV_3_18,361,SCMP_KV_3_18,361,SCMP_KV_3_18,280,SCMP_KV_4_15,351,SCMP_KV_UNDEF,351,SCMP_KV_3_18,375,SCMP_KV_4_8
break,17,SCMP_KV_UNDEF,PNR,SCMP_KV_UNDEF,PNR,SCMP_KV_UNDEF,PNR,SCMP_KV_UNDEF,PNR,SCMP_KV_UNDEF,PNR,SCMP_KV_UNDEF,PNR,SCMP_KV_UNDEF,17,SCMP_KV_UNDEF,PNR,SCMP_KV_UNDEF,PNR,SCMP_KV_UNDEF,PNR,SCMP_KV_UNDEF,PNR,SCMP_KV_UNDEF,17,SCMP_KV_UNDEF,17,SCMP_KV_UNDEF,PNR,SCMP_KV_UNDEF,PNR,SCMP_KV_UNDEF,PNR,SCMP_KV_UNDEF,PNR,SCMP_KV_UNDEF
breakpoint,PNR,SCMP_KV_UNDEF,PNR,SCMP_KV_UNDEF,PNR,SCMP_KV_UNDEF,983041,SCMP_KV_3_0,PNR,SCMP_KV_UNDEF,PNR,SCMP_KV_UNDEF,PNR,SCMP_KV_UNDEF,PNR,SCMP_KV_UNDEF,PNR,SCMP_KV_UNDEF,PNR,SCMP_KV_UNDEF,PNR,SCMP_KV_UNDEF,PNR,SCMP_KV_UNDEF,PNR,SCMP_KV_UNDEF,PNR,SCMP_KV_UNDEF,PNR,SCMP_KV_UNDEF,PNR,SCMP_KV_UNDEF,PNR,SCMP_KV_UNDEF,PNR,SCMP_KV_UNDEF
brk,45,SCMP_KV_3_0,12,SCMP_KV_3_0,12,SCMP_KV_3_4,45,SCMP_KV_3_0,214,SCMP_KV_3_7,214,SCMP_KV_5_19,45,SCMP_KV_3_0,45,SCMP_KV_3_0,12,SCMP_KV_3_0,12,SCMP_KV_3_0,45,SCMP_KV_3_0,45,SCMP_KV_3_0,45,SCMP_KV_3_0,45,SCMP_KV_3_0,214,SCMP_KV_4_15,45,SCMP_KV_UNDEF,45,SCMP_KV_3_0,45,SCMP_KV_3_0
cachectl,PNR,SCMP_KV_UNDEF,PNR,SCMP_KV_UNDEF,PNR,SCMP_KV_UNDEF,PNR,SCMP_KV_UNDEF,PNR,SCMP_KV_UNDEF,PNR,SCMP_KV_UNDEF,PNR,SCMP_KV_UNDEF,148,SCMP_KV_3_0,198,SCMP_KV_3_0,198,SCMP_KV_3_0,PNR,SCMP_KV_UNDEF,PNR,SCMP_KV_UNDEF,PNR,SCMP_KV_UNDEF,PNR,SCMP_KV_UNDEF,PNR,SCMP_KV_UNDEF,PNR,SCMP_KV_UNDEF,PNR,SCMP_KV_UNDEF,PNR,SCMP_KV_UNDEF
cacheflush,PNR,SCMP_KV_UNDEF,PNR,SCMP_KV_UNDEF,PNR,SCMP_KV_UNDEF,983042,SCMP_KV_3_0,PNR,SCMP_KV_UNDEF,PNR,SCMP_KV_UNDEF,123,SCMP_KV_3_0,147,SCMP_KV_3_0,197,SCMP_KV_3_0,197,SCMP_KV_3_0,356,SCMP_KV_6_5,356,SCMP_KV_6_5,PNR,SCMP_KV_UNDEF,PNR,SCMP_KV_UNDEF,PNR,SCMP_KV_UNDEF,PNR,SCMP_KV_UNDEF,PNR,SCMP_KV_UNDEF,123,SCMP_KV_3_0
cachestat,451,SCMP_KV_6_5,451,SCMP_KV_6_5,451,SCMP_KV_6_5,451,SCMP_KV_6_5,451,SCMP_KV_6_5,451,SCMP_KV_6_5,451,SCMP_KV_6_5,451,SCMP_KV_6_5,451,SCMP_KV_6_5,451,SCMP_KV_6_5,451,SCMP_KV_6_5,451,SCMP_KV_6_5,451,SCMP_KV_6_5,451,SCMP_KV_6_5,451,SCMP_KV_6_5,451,SCMP_KV_UNDEF,451,SCMP_KV_6_5,451,SCMP_KV_6_5
capget,184,SCMP_KV_3_0,125,SCMP_KV_3_0,125,SCMP_KV_3_4,184,SCMP_KV_3_0,90,SCMP_KV_3_7,90,SCMP_KV_5_19,184,SCMP_KV_3_0,204,SCMP_KV_3_0,123,SCMP_KV_3_0,123,SCMP_KV_3_0,106,SCMP_KV_3_0,106,SCMP_KV_3_0,183,SCMP_KV_3_0,183,SCMP_KV_3_0,90,SCMP_KV_4_15,184,SCMP_KV_UNDEF,184,SCMP_KV_3_0,184,SCMP_KV_3_0
capset,185,SCMP_KV_3_0,126,SCMP_KV_3_0,126,SCMP_KV_3_4,185,SCMP_KV_3_0,91,SCMP_KV_3_7,91,SCMP_KV_5_19,185,SCMP_KV_3_0,205,SCMP_KV_3_0,124,SCMP_KV_3_0,124,SCMP_KV_3_0,107,SCMP_KV_3_0,107,SCMP_KV_3_0,184,SCMP_KV_3_0,184,SCMP_KV_3_0,91,SCMP_KV_4_15,185,SCMP_KV_UNDEF,185,SCMP_KV_3_0,185,SCMP_KV_3_0
chdir,12,SCMP_KV_3_0,80,SCMP_KV_3_0,80,SCMP_KV_3_4,12,SCMP_KV_3_0,49,SCMP_KV_3_7,49,SCMP_KV_5_19,12,SCMP_KV_3_0,12,SCMP_KV_3_0,78,SCMP_KV_3_0,78,SCMP_KV_3_0,12,SCMP_KV_3_0,12,SCMP_KV_3_0,12,SCMP_KV_3_0,12,SCMP_KV_3_0,49,SCMP_KV_4_15,12,SCMP_KV_UNDEF,12,SCMP_KV_3_0,12,SCMP_KV_3_0
chmod,15,SCMP_KV_3_0,90,SCMP_KV_3_0,90,SCMP_KV_3_4,15,SCMP_KV_3_0,PNR,SCMP_KV_UNDEF,PNR,SCMP_KV_UNDEF,15,SCMP_KV_3_0,15,SCMP_KV_3_0,88,SCMP_KV_3_0,88,SCMP_KV_3_0,15,SCMP_KV_3_0,15,SCMP_KV_3_0,15,SCMP_KV_3_0,15,SCMP_KV_3_0,PNR,SCMP_KV_UNDEF,15,SCMP_KV_UNDEF,15,SCMP_KV_3_0,15,SCMP_KV_3_0
chown,182,SCMP_KV_3_0,92,SCMP_KV_3_0,92,SCMP_KV_3_4,182,SCMP_KV_3_0,PNR,SCMP_KV_UNDEF,PNR,SCMP_KV_UNDEF,16,SCMP_KV_3_0,202,SCMP_KV_3_0,90,SCMP_KV_3_0,90,SCMP_KV_3_0,180,SCMP_KV_3_0,180,SCMP_KV_3_0,181,SCMP_KV_3_0,181,SCMP_KV_3_0,PNR,SCMP_KV_UNDEF,182,SCMP_KV_UNDEF,212,SCMP_KV_3_0,182,SCMP_KV_3_0
chown32,212,SCMP_KV_3_0,PNR,SCMP_KV_UNDEF,PNR,SCMP_KV_UNDEF,212,SCMP_KV_3_0,PNR,SCMP_KV_UNDEF,PNR,SCMP_KV_UNDEF,198,SCMP_KV_3_0,PNR,SCMP_KV_UNDEF,PNR,SCMP_KV_UNDEF,PNR,SCMP_KV_UNDEF,PNR,SCMP_KV_UNDEF,PNR,SCMP_KV_UNDEF,PNR,SCMP_KV_UNDEF,PNR,SCMP_KV_UNDEF,PNR,SCMP_KV_UNDEF,212,SCMP_KV_UNDEF,PNR,SCMP_KV_UNDEF,212,SCMP_KV_3_0
chroot,61,SCMP_KV_3_0,161,SCMP_KV_3_0,161,SCMP_KV_3_4,61,SCMP_KV_3_0,51,SCMP_KV_3_7,51,SCMP_KV_5_19,61,SCMP_KV_3_0,61,SCMP_KV_3_0,156,SCMP_KV_3_0,156,SCMP_KV_3_0,61,SCMP_KV_3_0,61,SCMP_KV_3_0,61,SCMP_KV_3_0,61,SCMP_KV_3_0,51,SCMP_KV_4_15,61,SCMP_KV_UNDEF,61,SCMP_KV_3_0,61,SCMP_KV_3_0
clock_adjtime,343,SCMP_KV_3_0,305,SCMP_KV_3_0,305,SCMP_KV_3_4,372,SCMP_KV_3_0,266,SCMP_KV_3_7,266,SCMP_KV_5_19,342,SCMP_KV_3_0,341,SCMP_KV_3_0,300,SCMP_KV_3_0,305,SCMP_KV_3_0,324,SCMP_KV_3_0,324,SCMP_KV_3_0,347,SCMP_KV_3_0,347,SCMP_KV_3_0,266,SCMP_KV_4_15,337,SCMP_KV_UNDEF,337,SCMP_KV_3_0,361,SCMP_KV_3_0
clock_adjtime64,405,SCMP_KV_5_1,PNR,SCMP_KV_UNDEF,PNR,SCMP_KV_UNDEF,405,SCMP_KV_5_1,PNR,SCMP_KV_UNDEF,PNR,SCMP_KV_UNDEF,405,SCMP_KV_5_1,405,SCMP_KV_5_1,PNR,SCMP_KV_UNDEF,405,SCMP_KV_5_1,405,SCMP_KV_5_1,PNR,SCMP_KV_UNDEF,405,SCMP_KV_5_1,PNR,SCMP_KV_UNDEF,PNR,SCMP_KV_UNDEF,405,SCMP_KV_UNDEF,PNR,SCMP_KV_UNDEF,405,SCMP_KV_5_1
clock_getres,266,SCMP_KV_3_0,229,SCMP_KV_3_0,229,SCMP_KV_3_4,264,SCMP_KV_3_0,114,SCMP_KV_3_7,114,SCMP_KV_5_19,261,SCMP_KV_3_0,264,SCMP_KV_3_0,223,SCMP_KV_3_0,227,SCMP_KV_3_0,257,SCMP_KV_3_0,257,SCMP_KV_3_0,247,SCMP_KV_3_0,247,SCMP_KV_3_0,114,SCMP_KV_4_15,261,SCMP_KV_UNDEF,261,SCMP_KV_3_0,266,SCMP_KV_3_0
clock_getres_time64,406,SCMP_KV_5_1,PNR,SCMP_KV_UNDEF,PNR,SCMP_KV_UNDEF,406,SCMP_KV_5_1,PNR,SCMP_KV_UNDEF,PNR,SCMP_KV_UNDEF,406,SCMP_KV_5_1,406,SCMP_KV_5_1,PNR,SCMP_KV_UNDEF,406,SCMP_KV_5_1,406,SCMP_KV_5_1,PNR,SCMP_KV_UNDEF,406,SCMP_KV_5_1,PNR,SCMP_KV_UNDEF,PNR,SCMP_KV_UNDEF,406,SCMP_KV_UNDEF,PNR,SCMP_KV_UNDEF,406,SCMP_KV_5_1
clock_gettime,265,SCMP_KV_3_0,228,SCMP_KV_3_0,228,SCMP_KV_3_4,263,SCMP_KV_3_0,113,SCMP_KV_3_7,113,SCMP_KV_5_19,260,SCMP_KV_3_0,263,SCMP_KV_3_0,222,SCMP_KV_3_0,226,SCMP_KV_3_0,256,SCMP_KV_3_0,256,SCMP_KV_3_0,246,SCMP_KV_3_0,246,SCMP_KV_3_0,113,SCMP_KV_4_15,260,SCMP_KV_UNDEF,260,SCMP_KV_3_0,265,SCMP_KV_3_0
clock_gettime64,403,SCMP_KV_5_1,PNR,SCMP_KV_UNDEF,PNR,SCMP_KV_UNDEF,403,SCMP_KV_5_1,PNR,SCMP_KV_UNDEF,PNR,SCMP_KV_UNDEF,403,SCMP_KV_5_1,403,SCMP_KV_5_1,PNR,SCMP_KV_UNDEF,403,SCMP_KV_5_1,403,SCMP_KV_5_1,PNR,SCMP_KV_UNDEF,403,SCMP_KV_5_1,PNR,SCMP_KV_UNDEF,PNR,SCMP_KV_UNDEF,403,SCMP_KV_UNDEF,PNR,SCMP_KV_UNDEF,403,SCMP_KV_5_1
clock_nanosleep,267,SCMP_KV_3_0,230,SCMP_KV_3_0,230,SCMP_KV_3_4,265,SCMP_KV_3_0,115,SCMP_KV_3_7,115,SCMP_KV_5_19,262,SCMP_KV_3_0,265,SCMP_KV_3_0,224,SCMP_KV_3_0,228,SCMP_KV_3_0,258,SCMP_KV_3_0,258,SCMP_KV_3_0,248,SCMP_KV_3_0,248,SCMP_KV_3_0,115,SCMP_KV_4_15,262,SCMP_KV_UNDEF,262,SCMP_KV_3_0,267,SCMP_KV_3_0
clock_nanosleep_time64,407,SCMP_KV_5_1,PNR,SCMP_KV_UNDEF,PNR,SCMP_KV_UNDEF,407,SCMP_KV_5_1,PNR,SCMP_KV_UNDEF,PNR,SCMP_KV_UNDEF,407,SCMP_KV_5_1,407,SCMP_KV_5_1,PNR,SCMP_KV_UNDEF,407,SCMP_KV_5_1,407,SCMP_KV_5_1,PNR,SCMP_KV_UNDEF,407,SCMP_KV_5_1,PNR,SCMP_KV_UNDEF,PNR,SCMP_KV_UNDEF,407,SCMP_KV_UNDEF,PNR,SCMP_KV_UNDEF,407,SCMP_KV_5_1
clock_settime,264,SCMP_KV_3_0,227,SCMP_KV_3_0,227,SCMP_KV_3_4,262,SCMP_KV_3_0,112,SCMP_KV_3_7,112,SCMP_KV_5_19,259,SCMP_KV_3_0,262,SCMP_KV_3_0,221,SCMP_KV_3_0,225,SCMP_KV_3_0,255,SCMP_KV_3_0,255,SCMP_KV_3_0,245,SCMP_KV_3_0,245,SCMP_KV_3_0,112,SCMP_KV_4_15,259,SCMP_KV_UNDEF,259,SCMP_KV_3_0,264,SCMP_KV_3_0
clock_settime64,404,SCMP_KV_5_1,PNR,SCMP_KV_UNDEF,PNR,SCMP_KV_UNDEF,404,SCMP_KV_5_1,PNR,SCMP_KV_UNDEF,PNR,SCMP_KV_UNDEF,404,SCMP_KV_5_1,404,SCMP_KV_5_1,PNR,SCMP_KV_UNDEF,404,SCMP_KV_5_1,404,SCMP_KV_5_1,PNR,SCMP_KV_UNDEF,404,SCMP_KV_5_1,PNR,SCMP_KV_UNDEF,PNR,SCMP_KV_UNDEF,404,SCMP_KV_UNDEF,PNR,SCMP_KV_UNDEF,404,SCMP_KV_5_1
clone,120,SCMP_KV_3_0,56,SCMP_KV_3_0,56,SCMP_KV_3_4,120,SCMP_KV_3_0,220,SCMP_KV_3_7,220,SCMP_KV_5_19,120,SCMP_KV_3_0,120,SCMP_KV_3_0,55,SCMP_KV_3_0,55,SCMP_KV_3_0,120,SCMP_KV_3_0,120,SCMP_KV_3_0,120,SCMP_KV_3_0,120,SCMP_KV_3_0,220,SCMP_KV_4_15,120,SCMP_KV_UNDEF,120,SCMP_KV_3_0,120,SCMP_KV_3_0
clone3,435,SCMP_KV_5_3,435,SCMP_KV_5_3,435,SCMP_KV_5_3,435,SCMP_KV_5_3,435,SCMP_KV_5_5,435,SCMP_KV_5_19,435,SCMP_KV_5_6,435,SCMP_KV_5_4,435,SCMP_KV_5_4,435,SCMP_KV_5_4,435,SCMP_KV_5_3,435,SCMP_KV_5_3,435,SCMP_KV_5_3,435,SCMP_KV_5_3,435,SCMP_KV_5_3,435,SCMP_KV_UNDEF,435,SCMP_KV_5_3,PNR,SCMP_KV_UNDEF
close,6,SCMP_KV_3_0,3,SCMP_KV_3_0,3,SCMP_KV_3_4,6,SCMP_KV_3_0,57,SCMP_KV_3_7,57,SCMP_KV_5_19,6,SCMP_KV_3_0,6,SCMP_KV_3_0,3,SCMP_KV_3_0,3,SCMP_KV_3_0,6,SCMP_KV_3_0,6,SCMP_KV_3_0,6,SCMP_KV_3_0,6,SCMP_KV_3_0,57,SCMP_KV_4_15,6,SCMP_KV_UNDEF,6,SCMP_KV_3_0,6,SCMP_KV_3_0
close_range,436,SCMP_KV_5_9,436,SCMP_KV_5_9,436,SCMP_KV_5_9,436,SCMP_KV_5_9,436,SCMP_KV_5_9,436,SCMP_KV_5_19,436,SCMP_KV_5_9,436,SCMP_KV_5_9,436,SCMP_KV_5_9,436,SCMP_KV_5_9,436,SCMP_KV_5_9,436,SCMP_KV_5_9,436,SCMP_KV_5_9,436,SCMP_KV_5_9,436,SCMP_KV_5_9,436,SCMP_KV_UNDEF,436,SCMP_KV_5_9,436,SCMP_KV_5_9
connect,362,SCMP_KV_4_3,42,SCMP_KV_3_0,42,SCMP_KV_3_4,283,SCMP_KV_3_0,203,SCMP_KV_3_7,203,SCMP_KV_5_19,359,SCMP_KV_4_3,170,SCMP_KV_3_0,41,SCMP_KV_3_0,41,SCMP_KV_3_0,31,SCMP_KV_3_0,31,SCMP_KV_3_0,328,SCMP_KV_3_0,328,SCMP_KV_3_0,203,SCMP_KV_4_15,362,SCMP_KV_UNDEF,362,SCMP_KV_4_3,342,SCMP_KV_3_0
copy_file_range,377,SCMP_KV_4_5,326,SCMP_KV_4_5,326,SCMP_KV_4_5,391,SCMP_KV_4_5,285,SCMP_KV_4_5,285,SCMP_KV_5_19,376,SCMP_KV_4_5,360,SCMP_KV_4_5,320,SCMP_KV_4_5,324,SCMP_KV_4_5,346,SCMP_KV_4_5,346,SCMP_KV_4_5,379,SCMP_KV_4_5,379,SCMP_KV_4_5,285,SCMP_KV_4_15,375,SCMP_KV_UNDEF,375,SCMP_KV_4_5,380,SCMP_KV_4_8
creat,8,SCMP_KV_3_0,85,SCMP_KV_3_0,85,SCMP_KV_3_4,8,SCMP_KV_3_0,PNR,SCMP_KV_UNDEF,PNR,SCMP_KV_UNDEF,8,SCMP_KV_3_0,8,SCMP_KV_3_0,83,SCMP_KV_3_0,83,SCMP_KV_3_0,8,SCMP_KV_3_0,8,SCMP_KV_3_0,8,SCMP_KV_3_0,8,SCMP_KV_3_0,PNR,SCMP_KV_UNDEF,8,SCMP_KV_UNDEF,8,SCMP_KV_3_0,8,SCMP_KV_3_0
create_module,127,SCMP_KV_UNDEF,174,SCMP_KV_UNDEF,PNR,SCMP_KV_UNDEF,PNR,SCMP_KV_UNDEF,PNR,SCMP_KV_UNDEF,PNR,SCMP_KV_UNDEF,127,SCMP_KV_UNDEF,127,SCMP_KV_UNDEF,167,SCMP_KV_UNDEF,167,SCMP_KV_UNDEF,PNR,SCMP_KV_UNDEF,PNR,SCMP_KV_UNDEF,127,SCMP_KV_UNDEF,127,SCMP_KV_UNDEF,PNR,SCMP_KV_UNDEF,127,SCMP_KV_UNDEF,127,SCMP_KV_UNDEF,PNR,SCMP_KV_UNDEF
delete_module,129,SCMP_KV_3_0,176,SCMP_KV_3_0,176,SCMP_KV_3_4,129,SCMP_KV_3_0,106,SCMP_KV_3_7,106,SCMP_KV_5_19,129,SCMP_KV_3_0,129,SCMP_KV_3_0,169,SCMP_KV_3_0,169,SCMP_KV_3_0,129,SCMP_KV_3_0,129,SCMP_KV_3_0,129,SCMP_KV_3_0,129,SCMP_KV_3_0,106,SCMP_KV_4_15,129,SCMP_KV_UNDEF,129,SCMP_KV_3_0,129,SCMP_KV_3_0
dup,41,SCMP_KV_3_0,32,SCMP_KV_3_0,32,SCMP_KV_3_4,41,SCMP_KV_3_0,23,SCMP_KV_3_7,23,SCMP_KV_5_19,41,SCMP_KV_3_0,41,SCMP_KV_3_0,31,SCMP_KV_3_0,31,SCMP_KV_3_0,41,SCMP_KV_3_0,41,SCMP_KV_3_0,41,SCMP_KV_3_0,41,SCMP_KV_3_0,23,SCMP_KV_4_15,41,SCMP_KV_UNDEF,41,SCMP_KV_3_0,41,SCMP_KV_3_0
dup2,63,SCMP_KV_3_0,33,SCMP_KV_3_0,33,SCMP_KV_3_4,63,SCMP_KV_3_0,PNR,SCMP_KV_UNDEF,PNR,SCMP_KV_UNDEF,63,SCMP_KV_3_0,63,SCMP_KV_3_0,32,SCMP_KV_3_0,32,SCMP_KV_3_0,63,SCMP_KV_3_0,63,SCMP_KV_3_0,63,SCMP_KV_3_0,63,SCMP_KV_3_0,PNR,SCMP_KV_UNDEF,63,SCMP_KV_UNDEF,63,SCMP_KV_3_0,63,SCMP_KV_3_0
dup3,330,SCMP_KV_3_0,292,SCMP_KV_3_0,292,SCMP_KV_3_4,358,SCMP_KV_3_0,24,SCMP_KV_3_7,24,SCMP_KV_5_19,326,SCMP_KV_3_0,327,SCMP_KV_3_0,286,SCMP_KV_3_0,290,SCMP_KV_3_0,312,SCMP_KV_3_0,312,SCMP_KV_3_0,316,SCMP_KV_3_0,316,SCMP_KV_3_0,24,SCMP_KV_4_15,326,SCMP_KV_UNDEF,326,SCMP_KV_3_0,330,SCMP_KV_3_0
epoll_create,254,SCMP_KV_3_0,213,SCMP_KV_3_0,213,SCMP_KV_3_4,250,SCMP_KV_3_0,PNR,SCMP_KV_UNDEF,PNR,SCMP_KV_UNDEF,249,SCMP_KV_3_0,248,SCMP_KV_3_0,207,SCMP_KV_3_0,207,SCMP_KV_3_0,224,SCMP_KV_3_0,224,SCMP_KV_3_0,236,SCMP_KV_3_0,236,SCMP_KV_3_0,PNR,SCMP_KV_UNDEF,249,SCMP_KV_UNDEF,249,SCMP_KV_3_0,254,SCMP_KV_3_0
epoll_create1,329,SCMP_KV_3_0,291,SCMP_KV_3_0,291,SCMP_KV_3_4,357,SCMP_KV_3_0,20,SCMP_KV_3_7,20,SCMP_KV_5_19,325,SCMP_KV_3_0,326,SCMP_KV_3_0,285,SCMP_KV_3_0,289,SCMP_KV_3_0,311,SCMP_KV_3_0,311,SCMP_KV_3_0,315,SCMP_KV_3_0,315,SCMP_KV_3_0,20,SCMP_KV_4_15,327,SCMP_KV_UNDEF,327,SCMP_KV_3_0,329,SCMP_KV_3_0
epoll_ctl,255,SCMP_KV_3_0,233,SCMP_KV_3_0,233,SCMP_KV_3_4,251,SCMP_KV_3_0,21,SCMP_KV_3_7,21,SCMP_KV_5_19,250,SCMP_KV_3_0,249,SCMP_KV_3_0,208,SCMP_KV_3_0,208,SCMP_KV_3_0,225,SCMP_KV_3_0,225,SCMP_KV_3_0,237,SCMP_KV_3_0,237,SCMP_KV_3_0,21,SCMP_KV_4_15,250,SCMP_KV_UNDEF,250,SCMP_KV_3_0,255,SCMP_KV_3_0
epoll_ctl_old,PNR,SCMP_KV_UNDEF,214,SCMP_KV_3_0,PNR,SCMP_KV_UNDEF,PNR,SCMP_KV_UNDEF,PNR,SCMP_KV_UNDEF,PNR,SCMP_KV_UNDEF,PNR,SCMP_KV_UNDEF,PNR,SCMP_KV_UNDEF,PNR,SCMP_KV_UNDEF,PNR,SCMP_KV_UNDEF,PNR,SCMP_KV_UNDEF,PNR,SCMP_KV_UNDEF,PNR,SCMP_KV_UNDEF,PNR,SCMP_KV_UNDEF,PNR,SCMP_KV_UNDEF,PNR,SCMP_KV_UNDEF,PNR,SCMP_KV_UNDEF,PNR,SCMP_KV_UNDEF
epoll_pwait,319,SCMP_KV_3_0,281,SCMP_KV_3_0,281,SCMP_KV_3_4,346,SCMP_KV_3_0,22,SCMP_KV_3_7,22,SCMP_KV_5_19,315,SCMP_KV_3_0,313,SCMP_KV_3_0,272,SCMP_KV_3_0,276,SCMP_KV_3_0,297,SCMP_KV_3_0,297,SCMP_KV_3_0,303,SCMP_KV_3_0,303,SCMP_KV_3_0,22,SCMP_KV_4_15,312,SCMP_KV_UNDEF,312,SCMP_KV_3_0,319,SCMP_KV_3_0
epoll_pwait2,441,SCMP_KV_5_11,441,SCMP_KV_5_11,441,SCMP_KV_5_11,441,SCMP_KV_5_11,441,SCMP_KV_5_11,441,SCMP_KV_5_19,441,SCMP_KV_5_11,441,SCMP_KV_5_11,441,SCMP_KV_5_11,441,SCMP_KV_5_11,441,SCMP_KV_5_11,441,SCMP_KV_5_11,441,SCMP_KV_5_11,441,SCMP_KV_5_11,441,SCMP_KV_5_11,441,SCMP_KV_UNDEF,441,SCMP_KV_5_11,441,SCMP_KV_5_11
epoll_wait,256,SCMP_KV_3_0,232,SCMP_KV_3_0,232,SCMP_KV_3_4,252,SCMP_KV_3_0,PNR,SCMP_KV_UNDEF,PNR,SCMP_KV_UNDEF,251,SCMP_KV_3_0,250,SCMP_KV_3_0,209,SCMP_KV_3_0,209,SCMP_KV_3_0,226,SCMP_KV_3_0,226,SCMP_KV_3_0,238,SCMP_KV_3_0,238,SCMP_KV_3_0,PNR,SCMP_KV_UNDEF,251,SCMP_KV_UNDEF,251,SCMP_KV_3_0,256,SCMP_KV_3_0
epoll_wait_old,PNR,SCMP_KV_UNDEF,215,SCMP_KV_3_0,PNR,SCMP_KV_UNDEF,PNR,SCMP_KV_UNDEF,PNR,SCMP_KV_UNDEF,PNR,SCMP_KV_UNDEF,PNR,SCMP_KV_UNDEF,PNR,SCMP_KV_UNDEF,PNR,SCMP_KV_UNDEF,PNR,SCMP_KV_UNDEF,PNR,SCMP_KV_UNDEF,PNR,SCMP_KV_UNDEF,PNR,SCMP_KV_UNDEF,PNR,SCMP_KV_UNDEF,PNR,SCMP_KV_UNDEF,PNR,SCMP_KV_UNDEF,PNR,SCMP_KV_UNDEF,PNR,SCMP_KV_UNDEF
eventfd,323,SCMP_KV_3_0,284,SCMP_KV_3_0,284,SCMP_KV_3_4,351,SCMP_KV_3_0,PNR,SCMP_KV_UNDEF,PNR,SCMP_KV_UNDEF,319,SCMP_KV_3_0,319,SCMP_KV_3_0,278,SCMP_KV_3_0,282,SCMP_KV_3_0,304,SCMP_KV_3_0,304,SCMP_KV_3_0,307,SCMP_KV_3_0,307,SCMP_KV_3_0,PNR,SCMP_KV_UNDEF,318,SCMP_KV_UNDEF,318,SCMP_KV_3_0,323,SCMP_KV_3_0
eventfd2,328,SCMP_KV_3_0,290,SCMP_KV_3_0,290,SCMP_KV_3_4,356,SCMP_KV_3_0,19,SCMP_KV_3_7,19,SCMP_KV_5_19,324,SCMP_KV_3_0,325,SCMP_KV_3_0,284,SCMP_KV_3_0,288,SCMP_KV_3_0,310,SCMP_KV_3_0,310,SCMP_KV_3_0,314,SCMP_KV_3_0,314,SCMP_KV_3_0,19,SCMP_KV_4_15,323,SCMP_KV_UNDEF,323,SCMP_KV_3_0,328,SCMP_KV_3_0
execve,11,SCMP_KV_3_0,59,SCMP_KV_3_0,520,SCMP_KV_3_4,11,SCMP_KV_3_0,221,SCMP_KV_3_7,221,SCMP_KV_5_19,11,SCMP_KV_3_0,11,SCMP_KV_3_0,57,SCMP_KV_3_0,57,SCMP_KV_3_0,11,SCMP_KV_3_0,11,SCMP_KV_3_0,11,SCMP_KV_3_0,11,SCMP_KV_3_0,221,SCMP_KV_4_15,11,SCMP_KV_UNDEF,11,SCMP_KV_3_0,11,SCMP_KV_3_0
execveat,358,SCMP_KV_3_19,322,SCMP_KV_3_19,545,SCMP_KV_3_19,387,SCMP_KV_3_19,281,SCMP_KV_3_19,281,SCMP_KV_5_19,355,SCMP_KV_3_19,356,SCMP_KV_3_19,316,SCMP_KV_3_19,320,SCMP_KV_3_19,342,SCMP_KV_4_0,342,SCMP_KV_4_0,362,SCMP_KV_3_19,362,SCMP_KV_3_19,281,SCMP_KV_4_15,354,SCMP_KV_UNDEF,354,SCMP_KV_3_19,376,SCMP_KV_4_8
exit,1,SCMP_KV_3_0,60,SCMP_KV_3_0,60,SCMP_KV_3_4,1,SCMP_KV_3_0,93,SCMP_KV_3_7,93,SCMP_KV_5_19,1,SCMP_KV_3_0,1,SCMP_KV_3_0,58,SCMP_KV_3_0,58,SCMP_KV_3_0,1,SCMP_KV_3_0,1,SCMP_KV_3_0,1,SCMP_KV_3_0,1,SCMP_KV_3_0,93,SCMP_KV_4_15,1,SCMP_KV_UNDEF,1,SCMP_KV_3_0,1,SCMP_KV_3_0
exit_group,252,SCMP_KV_3_0,231,SCMP_KV_3_0,231,SCMP_KV_3_4,248,SCMP_KV_3_0,94,SCMP_KV_3_7,94,SCMP_KV_5_19,247,SCMP_KV_3_0,246,SCMP_KV_3_0,205,SCMP_KV_3_0,205,SCMP_KV_3_0,222,SCMP_KV_3_0,222,SCMP_KV_3_0,234,SCMP_KV_3_0,234,SCMP_KV_3_0,94,SCMP_KV_4_15,248,SCMP_KV_UNDEF,248,SCMP_KV_3_0,252,SCMP_KV_3_0
faccessat,307,SCMP_KV_3_0,269,SCMP_KV_3_0,269,SCMP_KV_3_4,334,SCMP_KV_3_0,48,SCMP_KV_3_7,48,SCMP_KV_5_19,300,SCMP_KV_3_0,300,SCMP_KV_3_0,259,SCMP_KV_3_0,263,SCMP_KV_3_0,287,SCMP_KV_3_0,287,SCMP_KV_3_0,298,SCMP_KV_3_0,298,SCMP_KV_3_0,48,SCMP_KV_4_15,300,SCMP_KV_UNDEF,300,SCMP_KV_3_0,307,SCMP_KV_3_0
faccessat2,439,SCMP_KV_5_8,439,SCMP_KV_5_8,439,SCMP_KV_5_8,439,SCMP_KV_5_8,439,SCMP_KV_5_8,439,SCMP_KV_5_19,439,SCMP_KV_5_8,439,SCMP_KV_5_8,439,SCMP_KV_5_8,439,SCMP_KV_5_8,439,SCMP_KV_5_8,439,SCMP_KV_5_8,439,SCMP_KV_5_8,439,SCMP_KV_5_8,439,SCMP_KV_5_8,439,SCMP_KV_UNDEF,439,SCMP_KV_5_8,439,SCMP_KV_5_8
fadvise64,250,SCMP_KV_3_0,221,SCMP_KV_3_0,221,SCMP_KV_3_4,PNR,SCMP_KV_UNDEF,223,SCMP_KV_3_7,223,SCMP_KV_5_19,246,SCMP_KV_3_0,254,SCMP_KV_3_0,215,SCMP_KV_3_0,216,SCMP_KV_3_0,PNR,SCMP_KV_UNDEF,PNR,SCMP_KV_UNDEF,233,SCMP_KV_3_0,233,SCMP_KV_3_0,223,SCMP_KV_4_15,253,SCMP_KV_UNDEF,253,SCMP_KV_3_0,250,SCMP_KV_3_0
fadvise64_64,272,SCMP_KV_3_0,PNR,SCMP_KV_UNDEF,PNR,SCMP_KV_UNDEF,PNR,SCMP_KV_UNDEF,PNR,SCMP_KV_UNDEF,PNR,SCMP_KV_UNDEF,267,SCMP_KV_3_0,PNR,SCMP_KV_UNDEF,PNR,SCMP_KV_UNDEF,PNR,SCMP_KV_UNDEF,236,SCMP_KV_3_0,236,SCMP_KV_3_0,254,SCMP_KV_3_0,PNR,SCMP_KV_UNDEF,PNR,SCMP_KV_UNDEF,264,SCMP_KV_UNDEF,PNR,SCMP_KV_UNDEF,272,SCMP_KV_3_0
fallocate,324,SCMP_KV_3_0,285,SCMP_KV_3_0,285,SCMP_KV_3_4,352,SCMP_KV_3_0,47,SCMP_KV_3_7,47,SCMP_KV_5_19,320,SCMP_KV_3_0,320,SCMP_KV_3_0,279,SCMP_KV_3_0,283,SCMP_KV_3_0,305,SCMP_KV_3_0,305,SCMP_KV_3_0,309,SCMP_KV_3_0,309,SCMP_KV_3_0,47,SCMP_KV_4_15,314,SCMP_KV_UNDEF,314,SCMP_KV_3_0,324,SCMP_KV_3_0
fanotify_init,338,SCMP_KV_3_0,300,SCMP_KV_3_0,300,SCMP_KV_3_4,367,SCMP_KV_3_0,262,SCMP_KV_3_7,262,SCMP_KV_5_19,337,SCMP_KV_3_0,336,SCMP_KV_3_0,295,SCMP_KV_3_0,300,SCMP_KV_3_0,322,SCMP_KV_3_0,322,SCMP_KV_3_0,323,SCMP_KV_3_0,323,SCMP_KV_3_0,262,SCMP_KV_4_15,332,SCMP_KV_UNDEF,332,SCMP_KV_3_0,337,SCMP_KV_3_0
fanotify_mark,339,SCMP_KV_3_0,301,SCMP_KV_3_0,301,SCMP_KV_3_4,368,SCMP_KV_3_0,263,SCMP_KV_3_7,263,SCMP_KV_5_19,338,SCMP_KV_3_0,337,SCMP_KV_3_0,296,SCMP_KV_3_0,301,SCMP_KV_3_0,323,SCMP_KV_3_0,323,SCMP_KV_3_0,324,SCMP_KV_3_0,324,SCMP_KV_3_0,263,SCMP_KV_4_15,333,SCMP_KV_UNDEF,333,SCMP_KV_3_0,338,SCMP_KV_3_0
fchdir,133,SCMP_KV_3_0,81,SCMP_KV_3_0,81,SCMP_KV_3_4,133,SCMP_KV_3_0,50,SCMP_KV_3_7,50,SCMP_KV_5_19,133,SCMP_KV_3_0,133,SCMP_KV_3_0,79,SCMP_KV_3_0,79,SCMP_KV_3_0,133,SCMP_KV_3_0,133,SCMP_KV_3_0,133,SCMP_KV_3_0,133,SCMP_KV_3_0,50,SCMP_KV_4_15,133,SCMP_KV_UNDEF,133,SCMP_KV_3_0,133,SCMP_KV_3_0
fchmod,94,SCMP_KV_3_0,91,SCMP_KV_3_0,91,SCMP_KV_3_4,94,SCMP_KV_3_0,52,SCMP_KV_3_7,52,SCMP_KV_5_19,94,SCMP_KV_3_0,94,SCMP_KV_3_0,89,SCMP_KV_3_0,89,SCMP_KV_3_0,94,SCMP_KV_3_0,94,SCMP_KV_3_0,94,SCMP_KV_3_0,94,SCMP_KV_3_0,52,SCMP_KV_4_15,94,SCMP_KV_UNDEF,94,SCMP_KV_3_0,94,SCMP_KV_3_0
fchmodat,306,SCMP_KV_3_0,268,SCMP_KV_3_0,268,SCMP_KV_3_4,333,SCMP_KV_3_0,53,SCMP_KV_3_7,53,SCMP_KV_5_19,299,SCMP_KV_3_0,299,SCMP_KV_3_0,258,SCMP_KV_3_0,262,SCMP_KV_3_0,286,SCMP_KV_3_0,286,SCMP_KV_3_0,297,SCMP_KV_3_0,297,SCMP_KV_3_0,53,SCMP_KV_4_15,299,SCMP_KV_UNDEF,299,SCMP_KV_3_0,306,SCMP_KV_3_0
fchmodat2,452,SCMP_KV_6_6,452,SCMP_KV_6_6,452,SCMP_KV_6_6,452,SCMP_KV_6_6,452,SCMP_KV_6_6,452,SCMP_KV_6_6,452,SCMP_KV_6_6,452,SCMP_KV_6_6,452,SCMP_KV_6_6,452,SCMP_KV_6_6,452,SCMP_KV_6_6,452,SCMP_KV_6_6,452,SCMP_KV_6_6,452,SCMP_KV_6_6,452,SCMP_KV_6_6,452,SCMP_KV_UNDEF,452,SCMP_KV_6_6,452,SCMP_KV_6_6
fchown,95,SCMP_KV_3_0,93,SCMP_KV_3_0,93,SCMP_KV_3_4,95,SCMP_KV_3_0,55,SCMP_KV_3_7,55,SCMP_KV_5_19,95,SCMP_KV_3_0,95,SCMP_KV_3_0,91,SCMP_KV_3_0,91,SCMP_KV_3_0,95,SCMP_KV_3_0,95,SCMP_KV_3_0,95,SCMP_KV_3_0,95,SCMP_KV_3_0,55,SCMP_KV_4_15,95,SCMP_KV_UNDEF,207,SCMP_KV_3_0,95,SCMP_KV_3_0
fchown32,207,SCMP_KV_3_0,PNR,SCMP_KV_UNDEF,PNR,SCMP_KV_UNDEF,207,SCMP_KV_3_0,PNR,SCMP_KV_UNDEF,PNR,SCMP_KV_UNDEF,207,SCMP_KV_3_0,PNR,SCMP_KV_UNDEF,PNR,SCMP_KV_UNDEF,PNR,SCMP_KV_UNDEF,PNR,SCMP_KV_UNDEF,PNR,SCMP_KV_UNDEF,PNR,SCMP_KV_UNDEF,PNR,SCMP_KV_UNDEF,PNR,SCMP_KV_UNDEF,207,SCMP_KV_UNDEF,PNR,SCMP_KV_UNDEF,207,SCMP_KV_3_0
fchownat,298,SCMP_KV_3_0,260,SCMP_KV_3_0,260,SCMP_KV_3_4,325,SCMP_KV_3_0,54,SCMP_KV_3_7,54,SCMP_KV_5_19,291,SCMP_KV_3_0,291,SCMP_KV_3_0,250,SCMP_KV_3_0,254,SCMP_KV_3_0,278,SCMP_KV_3_0,278,SCMP_KV_3_0,289,SCMP_KV_3_0,289,SCMP_KV_3_0,54,SCMP_KV_4_15,291,SCMP_KV_UNDEF,291,SCMP_KV_3_0,298,SCMP_KV_3_0
fcntl,55,SCMP_KV_3_0,72,SCMP_KV_3_0,72,SCMP_KV_3_4,55,SCMP_KV_3_0,25,SCMP_KV_3_7,25,SCMP_KV_5_19,55,SCMP_KV_3_0,55,SCMP_KV_3_0,70,SCMP_KV_3_0,70,SCMP_KV_3_0,55,SCMP_KV_3_0,55,SCMP_KV_3_0,55,SCMP_KV_3_0,55,SCMP_KV_3_0,25,SCMP_KV_4_15,55,SCMP_KV_UNDEF,55,SCMP_KV_3_0,55,SCMP_KV_3_0
fcntl64,221,SCMP_KV_3_0,PNR,SCMP_KV_UNDEF,PNR,SCMP_KV_UNDEF,221,SCMP_KV_3_0,PNR,SCMP_KV_UNDEF,PNR,SCMP_KV_UNDEF,239,SCMP_KV_3_0,220,SCMP_KV_3_0,PNR,SCMP_KV_UNDEF,212,SCMP_KV_3_0,202,SCMP_KV_3_0,202,SCMP_KV_3_0,204,SCMP_KV_3_0,PNR,SCMP_KV_UNDEF,PNR,SCMP_KV_UNDEF,221,SCMP_KV_UNDEF,PNR,SCMP_KV_UNDEF,221,SCMP_KV_3_0
fdatasync,148,SCMP_KV_3_0,75,SCMP_KV_3_0,75,SCMP_KV_3_4,148,SCMP_KV_3_0,83,SCMP_KV_3_7,83,SCMP_KV_5_19,148,SCMP_KV_3_0,152,SCMP_KV_3_0,73,SCMP_KV_3_0,73,SCMP_KV_3_0,148,SCMP_KV_3_0,148,SCMP_KV_3_0,148,SCMP_KV_3_0,148,SCMP_KV_3_0,83,SCMP_KV_4_15,148,SCMP_KV_UNDEF,148,SCMP_KV_3_0,148,SCMP_KV_3_0
fgetxattr,231,SCMP_KV_3_0,193,SCMP_KV_3_0,193,SCMP_KV_3_4,231,SCMP_KV_3_0,10,SCMP_KV_3_7,10,SCMP_KV_5_19,228,SCMP_KV_3_0,229,SCMP_KV_3_0,185,SCMP_KV_3_0,185,SCMP_KV_3_0,243,SCMP_KV_3_0,243,SCMP_KV_3_0,214,SCMP_KV_3_0,214,SCMP_KV_3_0,10,SCMP_KV_4_15,229,SCMP_KV_UNDEF,229,SCMP_KV_3_0,231,SCMP_KV_3_0
file_getattr,468,SCMP_KV_6_17,468,SCMP_KV_6_17,468,SCMP_KV_6_17,468,SCMP_KV_6_17,468,SCMP_KV_6_17,468,SCMP_KV_6_17,468,SCMP_KV_6_17,468,SCMP_KV_6_17,468,SCMP_KV_6_17,468,SCMP_KV_6_17,468,SCMP_KV_6_17,468,SCMP_KV_6_17,468,SCMP_KV_6_17,468,SCMP_KV_6_17,468,SCMP_KV_6_17,468,SCMP_KV_UNDEF,468,SCMP_KV_6_17,468,SCMP_KV_6_17
file_setattr,469,SCMP_KV_6_17,469,SCMP_KV_6_17,469,SCMP_KV_6_17,469,SCMP_KV_6_17,469,SCMP_KV_6_17,469,SCMP_KV_6_17,469,SCMP_KV_6_17,469,SCMP_KV_6_17,469,SCMP_KV_6_17,469,SCMP_KV_6_17,469,SCMP_KV_6_17,469,SCMP_KV_6_17,469,SCMP_KV_6_17,469,SCMP_KV_6_17,469,SCMP_KV_6_17,469,SCMP_KV_UNDEF,469,SCMP_KV_6_17,469,SCMP_KV_6_17
finit_module,350,SCMP_KV_3_8,313,SCMP_KV_3_8,313,SCMP_KV_3_8,379,SCMP_KV_3_8,273,SCMP_KV_3_8,273,SCMP_KV_5_19,348,SCMP_KV_3_8,348,SCMP_KV_3_8,307,SCMP_KV_3_8,312,SCMP_KV_3_8,333,SCMP_KV_3_9,333,SCMP_KV_3_9,353,SCMP_KV_3_8,353,SCMP_KV_3_8,273,SCMP_KV_4_15,344,SCMP_KV_UNDEF,344,SCMP_KV_3_8,368,SCMP_KV_3_8
flistxattr,234,SCMP_KV_3_0,196,SCMP_KV_3_0,196,SCMP_KV_3_4,234,SCMP_KV_3_0,13,SCMP_KV_3_7,13,SCMP_KV_5_19,231,SCMP_KV_3_0,232,SCMP_KV_3_0,188,SCMP_KV_3_0,188,SCMP_KV_3_0,246,SCMP_KV_3_0,246,SCMP_KV_3_0,217,SCMP_KV_3_0,217,SCMP_KV_3_0,13,SCMP_KV_4_15,232,SCMP_KV_UNDEF,232,SCMP_KV_3_0,234,SCMP_KV_3_0
flock,143,SCMP_KV_3_0,73,SCMP_KV_3_0,73,SCMP_KV_3_4,143,SCMP_KV_3_0,32,SCMP_KV_3_7,32,SCMP_KV_5_19,143,SCMP_KV_3_0,143,SCMP_KV_3_0,71,SCMP_KV_3_0,71,SCMP_KV_3_0,143,SCMP_KV_3_0,143,SCMP_KV_3_0,143,SCMP_KV_3_0,143,SCMP_KV_3_0,32,SCMP_KV_4_15,143,SCMP_KV_UNDEF,143,SCMP_KV_3_0,143,SCMP_KV_3_0
fork,2,SCMP_KV_3_0,57,SCMP_KV_3_0,57,SCMP_KV_3_4,2,SCMP_KV_3_0,PNR,SCMP_KV_UNDEF,PNR,SCMP_KV_UNDEF,2,SCMP_KV_3_0,2,SCMP_KV_3_0,56,SCMP_KV_3_0,56,SCMP_KV_3_0,2,SCMP_KV_3_0,2,SCMP_KV_3_0,2,SCMP_KV_3_0,2,SCMP_KV_3_0,PNR,SCMP_KV_UNDEF,2,SCMP_KV_UNDEF,2,SCMP_KV_3_0,2,SCMP_KV_3_0
fremovexattr,237,SCMP_KV_3_0,199,SCMP_KV_3_0,199,SCMP_KV_3_4,237,SCMP_KV_3_0,16,SCMP_KV_3_7,16,SCMP_KV_5_19,234,SCMP_KV_3_0,235,SCMP_KV_3_0,191,SCMP_KV_3_0,191,SCMP_KV_3_0,249,SCMP_KV_3_0,249,SCMP_KV_3_0,220,SCMP_KV_3_0,220,SCMP_KV_3_0,16,SCMP_KV_4_15,235,SCMP_KV_UNDEF,235,SCMP_KV_3_0,237,SCMP_KV_3_0
fsconfig,431,SCMP_KV_5_2,431,SCMP_KV_5_2,431,SCMP_KV_5_2,431,SCMP_KV_5_2,431,SCMP_KV_5_2,431,SCMP_KV_5_19,431,SCMP_KV_5_2,431,SCMP_KV_5_2,431,SCMP_KV_5_2,431,SCMP_KV_5_2,431,SCMP_KV_5_2,431,SCMP_KV_5_2,431,SCMP_KV_5_2,431,SCMP_KV_5_2,431,SCMP_KV_5_2,431,SCMP_KV_UNDEF,431,SCMP_KV_5_2,431,SCMP_KV_5_2
fsetxattr,228,SCMP_KV_3_0,190,SCMP_KV_3_0,190,SCMP_KV_3_4,228,SCMP_KV_3_0,7,SCMP_KV_3_7,7,SCMP_KV_5_19,225,SCMP_KV_3_0,226,SCMP_KV_3_0,182,SCMP_KV_3_0,182,SCMP_KV_3_0,240,SCMP_KV_3_0,240,SCMP_KV_3_0,211,SCMP_KV_3_0,211,SCMP_KV_3_0,7,SCMP_KV_4_15,226,SCMP_KV_UNDEF,226,SCMP_KV_3_0,228,SCMP_KV_3_0
fsmount,432,SCMP_KV_5_2,432,SCMP_KV_5_2,432,SCMP_KV_5_2,432,SCMP_KV_5_2,432,SCMP_KV_5_2,432,SCMP_KV_5_19,432,SCMP_KV_5_2,432,SCMP_KV_5_2,432,SCMP_KV_5_2,432,SCMP_KV_5_2,432,SCMP_KV_5_2,432,SCMP_KV_5_2,432,SCMP_KV_5_2,432,SCMP_KV_5_2,432,SCMP_KV_5_2,432,SCMP_KV_UNDEF,432,SCMP_KV_5_2,432,SCMP_KV_5_2
fsopen,430,SCMP_KV_5_2,430,SCMP_KV_5_2,430,SCMP_KV_5_2,430,SCMP_KV_5_2,430,SCMP_KV_5_2,430,SCMP_KV_5_19,430,SCMP_KV_5_2,430,SCMP_KV_5_2,430,SCMP_KV_5_2,430,SCMP_KV_5_2,430,SCMP_KV_5_2,430,SCMP_KV_5_2,430,SCMP_KV_5_2,430,SCMP_KV_5_2,430,SCMP_KV_5_2,430,SCMP_KV_UNDEF,430,SCMP_KV_5_2,430,SCMP_KV_5_2
fspick,433,SCMP_KV_5_2,433,SCMP_KV_5_2,433,SCMP_KV_5_2,433,SCMP_KV_5_2,433,SCMP_KV_5_2,433,SCMP_KV_5_19,433,SCMP_KV_5_2,433,SCMP_KV_5_2,433,SCMP_KV_5_2,433,SCMP_KV_5_2,433,SCMP_KV_5_2,433,SCMP_KV_5_2,433,SCMP_KV_5_2,433,SCMP_KV_5_2,433,SCMP_KV_5_2,433,SCMP_KV_UNDEF,433,SCMP_KV_5_2,433,SCMP_KV_5_2
fstat,108,SCMP_KV_3_0,5,SCMP_KV_3_0,5,SCMP_KV_3_4,108,SCMP_KV_3_0,80,SCMP_KV_3_7,80,SCMP_KV_6_11,108,SCMP_KV_3_0,108,SCMP_KV_3_0,5,SCMP_KV_3_0,5,SCMP_KV_3_0,28,SCMP_KV_3_0,28,SCMP_KV_3_0,108,SCMP_KV_3_0,108,SCMP_KV_3_0,80,SCMP_KV_4_15,108,SCMP_KV_UNDEF,108,SCMP_KV_3_0,108,SCMP_KV_3_0
fstat64,197,SCMP_KV_3_0,PNR,SCMP_KV_UNDEF,PNR,SCMP_KV_UNDEF,197,SCMP_KV_3_0,PNR,SCMP_KV_UNDEF,PNR,SCMP_KV_UNDEF,197,SCMP_KV_3_0,215,SCMP_KV_3_0,PNR,SCMP_KV_UNDEF,PNR,SCMP_KV_UNDEF,112,SCMP_KV_3_0,112,SCMP_KV_3_0,197,SCMP_KV_3_0,PNR,SCMP_KV_UNDEF,PNR,SCMP_KV_UNDEF,197,SCMP_KV_UNDEF,PNR,SCMP_KV_UNDEF,197,SCMP_KV_3_0
fstatat64,300,SCMP_KV_3_0,PNR,SCMP_KV_UNDEF,PNR,SCMP_KV_UNDEF,327,SCMP_KV_3_0,PNR,SCMP_KV_UNDEF,PNR,SCMP_KV_UNDEF,293,SCMP_KV_3_0,293,SCMP_KV_3_0,PNR,SCMP_KV_UNDEF,PNR,SCMP_KV_UNDEF,280,SCMP_KV_3_0,280,SCMP_KV_3_0,291,SCMP_KV_3_0,PNR,SCMP_KV_UNDEF,PNR,SCMP_KV_UNDEF,293,SCMP_KV_UNDEF,PNR,SCMP_KV_UNDEF,300,SCMP_KV_3_0
fstatfs,100,SCMP_KV_3_0,138,SCMP_KV_3_0,138,SCMP_KV_3_4,100,SCMP_KV_3_0,44,SCMP_KV_3_7,44,SCMP_KV_5_19,100,SCMP_KV_3_0,100,SCMP_KV_3_0,135,SCMP_KV_3_0,135,SCMP_KV_3_0,100,SCMP_KV_3_0,100,SCMP_KV_3_0,100,SCMP_KV_3_0,100,SCMP_KV_3_0,44,SCMP_KV_4_15,100,SCMP_KV_UNDEF,100,SCMP_KV_3_0,100,SCMP_KV_3_0
fstatfs64,269,SCMP_KV_3_0,PNR,SCMP_KV_UNDEF,PNR,SCMP_KV_UNDEF,267,SCMP_KV_3_0,PNR,SCMP_KV_UNDEF,PNR,SCMP_KV_UNDEF,264,SCMP_KV_3_0,256,SCMP_KV_3_0,PNR,SCMP_KV_UNDEF,218,SCMP_KV_3_0,299,SCMP_KV_3_0,299,SCMP_KV_3_0,253,SCMP_KV_3_0,253,SCMP_KV_3_0,PNR,SCMP_KV_UNDEF,266,SCMP_KV_UNDEF,266,SCMP_KV_3_0,269,SCMP_KV_3_0
fsync,118,SCMP_KV_3_0,74,SCMP_KV_3_0,74,SCMP_KV_3_4,118,SCMP_KV_3_0,82,SCMP_KV_3_7,82,SCMP_KV_5_19,118,SCMP_KV_3_0,118,SCMP_KV_3_0,72,SCMP_KV_3_0,72,SCMP_KV_3_0,118,SCMP_KV_3_0,118,SCMP_KV_3_0,118,SCMP_KV_3_0,118,SCMP_KV_3_0,82,SCMP_KV_4_15,118,SCMP_KV_UNDEF,118,SCMP_KV_3_0,118,SCMP_KV_3_0
ftime,35,SCMP_KV_UNDEF,PNR,SCMP_KV_UNDEF,PNR,SCMP_KV_UNDEF,PNR,SCMP_KV_UNDEF,PNR,SCMP_KV_UNDEF,PNR,SCMP_KV_UNDEF,PNR,SCMP_KV_UNDEF,35,SCMP_KV_UNDEF,PNR,SCMP_KV_UNDEF,PNR,SCMP_KV_UNDEF,PNR,SCMP_KV_UNDEF,PNR,SCMP_KV_UNDEF,35,SCMP_KV_UNDEF,35,SCMP_KV_UNDEF,PNR,SCMP_KV_UNDEF,PNR,SCMP_KV_UNDEF,PNR,SCMP_KV_UNDEF,PNR,SCMP_KV_UNDEF
ftruncate,93,SCMP_KV_3_0,77,SCMP_KV_3_0,77,SCMP_KV_3_4,93,SCMP_KV_3_0,46,SCMP_KV_3_7,46,SCMP_KV_5_19,93,SCMP_KV_3_0,93,SCMP_KV_3_0,75,SCMP_KV_3_0,75,SCMP_KV_3_0,93,SCMP_KV_3_0,93,SCMP_KV_3_0,93,SCMP_KV_3_0,93,SCMP_KV_3_0,46,SCMP_KV_4_15,93,SCMP_KV_UNDEF,93,SCMP_KV_3_0,93,SCMP_KV_3_0
ftruncate64,194,SCMP_KV_3_0,PNR,SCMP_KV_UNDEF,PNR,SCMP_KV_UNDEF,194,SCMP_KV_3_0,PNR,SCMP_KV_UNDEF,PNR,SCMP_KV_UNDEF,194,SCMP_KV_3_0,212,SCMP_KV_3_0,PNR,SCMP_KV_UNDEF,PNR,SCMP_KV_UNDEF,200,SCMP_KV_3_0,200,SCMP_KV_3_0,194,SCMP_KV_3_0,PNR,SCMP_KV_UNDEF,PNR,SCMP_KV_UNDEF,194,SCMP_KV_UNDEF,PNR,SCMP_KV_UNDEF,194,SCMP_KV_3_0
futex,240,SCMP_KV_3_0,202,SCMP_KV_3_0,202,SCMP_KV_3_4,240,SCMP_KV_3_0,98,SCMP_KV_3_7,98,SCMP_KV_5_19,235,SCMP_KV_3_0,238,SCMP_KV_3_0,194,SCMP_KV_3_0,194,SCMP_KV_3_0,210,SCMP_KV_3_0,210,SCMP_KV_3_0,221,SCMP_KV_3_0,221,SCMP_KV_3_0,98,SCMP_KV_4_15,238,SCMP_KV_UNDEF,238,SCMP_KV_3_0,240,SCMP_KV_3_0
futex_requeue,456,SCMP_KV_6_7,456,SCMP_KV_6_7,456,SCMP_KV_6_7,456,SCMP_KV_6_7,456,SCMP_KV_6_7,456,SCMP_KV_6_7,456,SCMP_KV_6_7,456,SCMP_KV_6_7,456,SCMP_KV_6_7,456,SCMP_KV_6_7,456,SCMP_KV_6_7,456,SCMP_KV_6_7,456,SCMP_KV_6_7,456,SCMP_KV_6_7,456,SCMP_KV_6_7,456,SCMP_KV_UNDEF,456,SCMP_KV_6_7,456,SCMP_KV_6_7
futex_time64,422,SCMP_KV_5_1,PNR,SCMP_KV_UNDEF,PNR,SCMP_KV_UNDEF,422,SCMP_KV_5_1,PNR,SCMP_KV_UNDEF,PNR,SCMP_KV_UNDEF,422,SCMP_KV_5_1,422,SCMP_KV_5_1,PNR,SCMP_KV_UNDEF,422,SCMP_KV_5_1,422,SCMP_KV_5_1,PNR,SCMP_KV_UNDEF,422,SCMP_KV_5_1,PNR,SCMP_KV_UNDEF,PNR,SCMP_KV_UNDEF,422,SCMP_KV_UNDEF,PNR,SCMP_KV_UNDEF,422,SCMP_KV_5_1
futex_wait,455,SCMP_KV_6_7,455,SCMP_KV_6_7,455,SCMP_KV_6_7,455,SCMP_KV_6_7,455,SCMP_KV_6_7,455,SCMP_KV_6_7,455,SCMP_KV_6_7,455,SCMP_KV_6_7,455,SCMP_KV_6_7,455,SCMP_KV_6_7,455,SCMP_KV_6_7,455,SCMP_KV_6_7,455,SCMP_KV_6_7,455,SCMP_KV_6_7,455,SCMP_KV_6_7,455,SCMP_KV_UNDEF,455,SCMP_KV_6_7,455,SCMP_KV_6_7
futex_waitv,449,SCMP_KV_5_16,449,SCMP_KV_5_16,449,SCMP_KV_5_16,449,SCMP_KV_5_16,449,SCMP_KV_5_16,449,SCMP_KV_5_19,449,SCMP_KV_5_16,449,SCMP_KV_5_16,449,SCMP_KV_5_16,449,SCMP_KV_5_16,449,SCMP_KV_5_16,449,SCMP_KV_5_16,449,SCMP_KV_5_16,449,SCMP_KV_5_16,449,SCMP_KV_5_16,449,SCMP_KV_UNDEF,449,SCMP_KV_5_16,449,SCMP_KV_5_16
futex_wake,454,SCMP_KV_6_7,454,SCMP_KV_6_7,454,SCMP_KV_6_7,454,SCMP_KV_6_7,454,SCMP_KV_6_7,454,SCMP_KV_6_7,454,SCMP_KV_6_7,454,SCMP_KV_6_7,454,SCMP_KV_6_7,454,SCMP_KV_6_7,454,SCMP_KV_6_7,454,SCMP_KV_6_7,454,SCMP_KV_6_7,454,SCMP_KV_6_7,454,SCMP_KV_6_7,454,SCMP_KV_UNDEF,454,SCMP_KV_6_7,454,SCMP_KV_6_7
futimesat,299,SCMP_KV_3_0,261,SCMP_KV_3_0,261,SCMP_KV_3_4,326,SCMP_KV_3_0,PNR,SCMP_KV_UNDEF,PNR,SCMP_KV_UNDEF,292,SCMP_KV_3_0,292,SCMP_KV_3_0,251,SCMP_KV_3_0,255,SCMP_KV_3_0,279,SCMP_KV_3_0,279,SCMP_KV_3_0,290,SCMP_KV_3_0,290,SCMP_KV_3_0,PNR,SCMP_KV_UNDEF,292,SCMP_KV_UNDEF,292,SCMP_KV_3_0,299,SCMP_KV_3_0
getcpu,318,SCMP_KV_3_0,309,SCMP_KV_3_1,309,SCMP_KV_3_4,345,SCMP_KV_3_0,168,SCMP_KV_3_7,168,SCMP_KV_5_19,314,SCMP_KV_3_0,312,SCMP_KV_3_0,271,SCMP_KV_3_0,275,SCMP_KV_3_0,296,SCMP_KV_3_0,296,SCMP_KV_3_0,302,SCMP_KV_3_0,302,SCMP_KV_3_0,168,SCMP_KV_4_15,311,SCMP_KV_UNDEF,311,SCMP_KV_3_0,318,SCMP_KV_3_0
getcwd,183,SCMP_KV_3_0,79,SCMP_KV_3_0,79,SCMP_KV_3_4,183,SCMP_KV_3_0,17,SCMP_KV_3_7,17,SCMP_KV_5_19,183,SCMP_KV_3_0,203,SCMP_KV_3_0,77,SCMP_KV_3_0,77,SCMP_KV_3_0,110,SCMP_KV_3_0,110,SCMP_KV_3_0,182,SCMP_KV_3_0,182,SCMP_KV_3_0,17,SCMP_KV_4_15,183,SCMP_KV_UNDEF,183,SCMP_KV_3_0,183,SCMP_KV_3_0
getdents,141,SCMP_KV_3_0,78,SCMP_KV_3_0,78,SCMP_KV_3_4,141,SCMP_KV_3_0,PNR,SCMP_KV_UNDEF,PNR,SCMP_KV_UNDEF,141,SCMP_KV_3_0,141,SCMP_KV_3_0,76,SCMP_KV_3_0,76,SCMP_KV_3_0,141,SCMP_KV_3_0,141,SCMP_KV_3_0,141,SCMP_KV_3_0,141,SCMP_KV_3_0,PNR,SCMP_KV_UNDEF,141,SCMP_KV_UNDEF,141,SCMP_KV_3_0,141,SCMP_KV_3_0
getdents64,220,SCMP_KV_3_0,217,SCMP_KV_3_0,217,SCMP_KV_3_4,217,SCMP_KV_3_0,61,SCMP_KV_3_7,61,SCMP_KV_5_19,220,SCMP_KV_3_0,219,SCMP_KV_3_0,308,SCMP_KV_3_10,299,SCMP_KV_3_0,201,SCMP_KV_3_0,201,SCMP_KV_3_0,202,SCMP_KV_3_0,202,SCMP_KV_3_0,61,SCMP_KV_4_15,220,SCMP_KV_UNDEF,220,SCMP_KV_3_0,220,SCMP_KV_3_0
getegid,50,SCMP_KV_3_0,108,SCMP_KV_3_0,108,SCMP_KV_3_4,50,SCMP_KV_3_0,177,SCMP_KV_3_7,177,SCMP_KV_5_19,50,SCMP_KV_3_0,50,SCMP_KV_3_0,106,SCMP_KV_3_0,106,SCMP_KV_3_0,50,SCMP_KV_3_0,50,SCMP_KV_3_0,50,SCMP_KV_3_0,50,SCMP_KV_3_0,177,SCMP_KV_4_15,50,SCMP_KV_UNDEF,202,SCMP_KV_3_0,50,SCMP_KV_3_0
getegid32,202,SCMP_KV_3_0,PNR,SCMP_KV_UNDEF,PNR,SCMP_KV_UNDEF,202,SCMP_KV_3_0,PNR,SCMP_KV_UNDEF,PNR,SCMP_KV_UNDEF,202,SCMP_KV_3_0,PNR,SCMP_KV_UNDEF,PNR,SCMP_KV_UNDEF,PNR,SCMP_KV_UNDEF,PNR,SCMP_KV_UNDEF,PNR,SCMP_KV_UNDEF,PNR,SCMP_KV_UNDEF,PNR,SCMP_KV_UNDEF,PNR,SCMP_KV_UNDEF,202,SCMP_KV_UNDEF,PNR,SCMP_KV_UNDEF,202,SCMP_KV_3_0
geteuid,49,SCMP_KV_3_0,107,SCMP_KV_3_0,107,SCMP_KV_3_4,49,SCMP_KV_3_0,175,SCMP_KV_3_7,175,SCMP_KV_5_19,49,SCMP_KV_3_0,49,SCMP_KV_3_0,105,SCMP_KV_3_0,105,SCMP_KV_3_0,49,SCMP_KV_3_0,49,SCMP_KV_3_0,49,SCMP_KV_3_0,49,SCMP_KV_3_0,175,SCMP_KV_4_15,49,SCMP_KV_UNDEF,201,SCMP_KV_3_0,49,SCMP_KV_3_0
geteuid32,201,SCMP_KV_3_0,PNR,SCMP_KV_UNDEF,PNR,SCMP_KV_UNDEF,201,SCMP_KV_3_0,PNR,SCMP_KV_UNDEF,PNR,SCMP_KV_UNDEF,201,SCMP_KV_3_0,PNR,SCMP_KV_UNDEF,PNR,SCMP_KV_UNDEF,PNR,SCMP_KV_UNDEF,PNR,SCMP_KV_UNDEF,PNR,SCMP_KV_UNDEF,PNR,SCMP_KV_UNDEF,PNR,SCMP_KV_UNDEF,PNR,SCMP_KV_UNDEF,201,SCMP_KV_UNDEF,PNR,SCMP_KV_UNDEF,201,SCMP_KV_3_0
getgid,47,SCMP_KV_3_0,104,SCMP_KV_3_0,104,SCMP_KV_3_4,47,SCMP_KV_3_0,176,SCMP_KV_3_7,176,SCMP_KV_5_19,47,SCMP_KV_3_0,47,SCMP_KV_3_0,102,SCMP_KV_3_0,102,SCMP_KV_3_0,47,SCMP_KV_3_0,47,SCMP_KV_3_0,47,SCMP_KV_3_0,47,SCMP_KV_3_0,176,SCMP_KV_4_15,47,SCMP_KV_UNDEF,200,SCMP_KV_3_0,47,SCMP_KV_3_0
getgid32,200,SCMP_KV_3_0,PNR,SCMP_KV_UNDEF,PNR,SCMP_KV_UNDEF,200,SCMP_KV_3_0,PNR,SCMP_KV_UNDEF,PNR,SCMP_KV_UNDEF,200,SCMP_KV_3_0,PNR,SCMP_KV_UNDEF,PNR,SCMP_KV_UNDEF,PNR,SCMP_KV_UNDEF,PNR,SCMP_KV_UNDEF,PNR,SCMP_KV_UNDEF,PNR,SCMP_KV_UNDEF,PNR,SCMP_KV_UNDEF,PNR,SCMP_KV_UNDEF,200,SCMP_KV_UNDEF,PNR,SCMP_KV_UNDEF,200,SCMP_KV_3_0
getgroups,80,SCMP_KV_3_0,115,SCMP_KV_3_0,115,SCMP_KV_3_4,80,SCMP_KV_3_0,158,SCMP_KV_3_7,158,SCMP_KV_5_19,80,SCMP_KV_3_0,80,SCMP_KV_3_0,113,SCMP_KV_3_0,113,SCMP_KV_3_0,80,SCMP_KV_3_0,80,SCMP_KV_3_0,80,SCMP_KV_3_0,80,SCMP_KV_3_0,158,SCMP_KV_4_15,80,SCMP_KV_UNDEF,205,SCMP_KV_3_0,80,SCMP_KV_3_0
getgroups32,205,SCMP_KV_3_0,PNR,SCMP_KV_UNDEF,PNR,SCMP_KV_UNDEF,205,SCMP_KV_3_0,PNR,SCMP_KV_UNDEF,PNR,SCMP_KV_UNDEF,205,SCMP_KV_3_0,PNR,SCMP_KV_UNDEF,PNR,SCMP_KV_UNDEF,PNR,SCMP_KV_UNDEF,PNR,SCMP_KV_UNDEF,PNR,SCMP_KV_UNDEF,PNR,SCMP_KV_UNDEF,PNR,SCMP_KV_UNDEF,PNR,SCMP_KV_UNDEF,205,SCMP_KV_UNDEF,PNR,SCMP_KV_UNDEF,205,SCMP_KV_3_0
getitimer,105,SCMP_KV_3_0,36,SCMP_KV_3_0,36,SCMP_KV_3_4,105,SCMP_KV_3_0,102,SCMP_KV_3_7,102,SCMP_KV_5_19,105,SCMP_KV_3_0,105,SCMP_KV_3_0,35,SCMP_KV_3_0,35,SCMP_KV_3_0,105,SCMP_KV_3_0,105,SCMP_KV_3_0,105,SCMP_KV_3_0,105,SCMP_KV_3_0,102,SCMP_KV_4_15,105,SCMP_KV_UNDEF,105,SCMP_KV_3_0,105,SCMP_KV_3_0
get_kernel_syms,130,SCMP_KV_UNDEF,177,SCMP_KV_UNDEF,PNR,SCMP_KV_UNDEF,PNR,SCMP_KV_UNDEF,PNR,SCMP_KV_UNDEF,PNR,SCMP_KV_UNDEF,130,SCMP_KV_UNDEF,130,SCMP_KV_UNDEF,170,SCMP_KV_UNDEF,170,SCMP_KV_UNDEF,PNR,SCMP_KV_UNDEF,PNR,SCMP_KV_UNDEF,130,SCMP_KV_UNDEF,130,SCMP_KV_UNDEF,PNR,SCMP_KV_UNDEF,130,SCMP_KV_UNDEF,130,SCMP_KV_UNDEF,PNR,SCMP_KV_UNDEF
get_mempolicy,275,SCMP_KV_3_0,239,SCMP_KV_3_0,239,SCMP_KV_3_4,320,SCMP_KV_3_0,236,SCMP_KV_3_7,236,SCMP_KV_5_19,269,SCMP_KV_3_0,269,SCMP_KV_3_0,228,SCMP_KV_3_0,232,SCMP_KV_3_0,261,SCMP_KV_3_0,261,SCMP_KV_3_0,260,SCMP_KV_3_0,260,SCMP_KV_3_0,236,SCMP_KV_4_15,269,SCMP_KV_UNDEF,269,SCMP_KV_4_3,275,SCMP_KV_3_0
getpagesize,PNR,SCMP_KV_UNDEF,PNR,SCMP_KV_UNDEF,PNR,SCMP_KV_UNDEF,PNR,SCMP_KV_UNDEF,PNR,SCMP_KV_UNDEF,PNR,SCMP_KV_UNDEF,166,SCMP_KV_3_0,PNR,SCMP_KV_UNDEF,PNR,SCMP_KV_UNDEF,PNR,SCMP_KV_UNDEF,PNR,SCMP_KV_UNDEF,PNR,SCMP_KV_UNDEF,PNR,SCMP_KV_UNDEF,PNR,SCMP_KV_UNDEF,PNR,SCMP_KV_UNDEF,PNR,SCMP_KV_UNDEF,PNR,SCMP_KV_UNDEF,PNR,SCMP_KV_UNDEF
getpeername,368,SCMP_KV_4_3,52,SCMP_KV_3_0,52,SCMP_KV_3_4,287,SCMP_KV_3_0,205,SCMP_KV_3_7,205,SCMP_KV_5_19,365,SCMP_KV_4_3,171,SCMP_KV_3_0,51,SCMP_KV_3_0,51,SCMP_KV_3_0,53,SCMP_KV_3_0,53,SCMP_KV_3_0,332,SCMP_KV_3_0,332,SCMP_KV_3_0,205,SCMP_KV_4_15,368,SCMP_KV_UNDEF,368,SCMP_KV_4_3,346,SCMP_KV_3_0
getpgid,132,SCMP_KV_3_0,121,SCMP_KV_3_0,121,SCMP_KV_3_4,132,SCMP_KV_3_0,155,SCMP_KV_3_7,155,SCMP_KV_5_19,132,SCMP_KV_3_0,132,SCMP_KV_3_0,119,SCMP_KV_3_0,119,SCMP_KV_3_0,132,SCMP_KV_3_0,132,SCMP_KV_3_0,132,SCMP_KV_3_0,132,SCMP_KV_3_0,155,SCMP_KV_4_15,132,SCMP_KV_UNDEF,132,SCMP_KV_3_0,132,SCMP_KV_3_0
getpgrp,65,SCMP_KV_3_0,111,SCMP_KV_3_0,111,SCMP_KV_3_4,65,SCMP_KV_3_0,PNR,SCMP_KV_UNDEF,PNR,SCMP_KV_UNDEF,65,SCMP_KV_3_0,65,SCMP_KV_3_0,109,SCMP_KV_3_0,109,SCMP_KV_3_0,65,SCMP_KV_3_0,65,SCMP_KV_3_0,65,SCMP_KV_3_0,65,SCMP_KV_3_0,PNR,SCMP_KV_UNDEF,65,SCMP_KV_UNDEF,65,SCMP_KV_3_0,65,SCMP_KV_3_0
getpid,20,SCMP_KV_3_0,39,SCMP_KV_3_0,39,SCMP_KV_3_4,20,SCMP_KV_3_0,172,SCMP_KV_3_7,172,SCMP_KV_5_19,20,SCMP_KV_3_0,20,SCMP_KV_3_0,38,SCMP_KV_3_0,38,SCMP_KV_3_0,20,SCMP_KV_3_0,20,SCMP_KV_3_0,20,SCMP_KV_3_0,20,SCMP_KV_3_0,172,SCMP_KV_4_15,20,SCMP_KV_UNDEF,20,SCMP_KV_3_0,20,SCMP_KV_3_0
getpmsg,188,SCMP_KV_UNDEF,181,SCMP_KV_UNDEF,181,SCMP_KV_UNDEF,PNR,SCMP_KV_UNDEF,PNR,SCMP_KV_UNDEF,PNR,SCMP_KV_UNDEF,188,SCMP_KV_UNDEF,208,SCMP_KV_UNDEF,174,SCMP_KV_UNDEF,174,SCMP_KV_UNDEF,PNR,SCMP_KV_UNDEF,PNR,SCMP_KV_UNDEF,187,SCMP_KV_UNDEF,187,SCMP_KV_UNDEF,PNR,SCMP_KV_UNDEF,188,SCMP_KV_UNDEF,188,SCMP_KV_UNDEF,PNR,SCMP_KV_UNDEF
getppid,64,SCMP_KV_3_0,110,SCMP_KV_3_0,110,SCMP_KV_3_4,64,SCMP_KV_3_0,173,SCMP_KV_3_7,173,SCMP_KV_5_19,64,SCMP_KV_3_0,64,SCMP_KV_3_0,108,SCMP_KV_3_0,108,SCMP_KV_3_0,64,SCMP_KV_3_0,64,SCMP_KV_3_0,64,SCMP_KV_3_0,64,SCMP_KV_3_0,173,SCMP_KV_4_15,64,SCMP_KV_UNDEF,64,SCMP_KV_3_0,64,SCMP_KV_3_0
getpriority,96,SCMP_KV_3_0,140,SCMP_KV_3_0,140,SCMP_KV_3_4,96,SCMP_KV_3_0,141,SCMP_KV_3_7,141,SCMP_KV_5_19,96,SCMP_KV_3_0,96,SCMP_KV_3_0,137,SCMP_KV_3_0,137,SCMP_KV_3_0,96,SCMP_KV_3_0,96,SCMP_KV_3_0,96,SCMP_KV_3_0,96,SCMP_KV_3_0,141,SCMP_KV_4_15,96,SCMP_KV_UNDEF,96,SCMP_KV_3_0,96,SCMP_KV_3_0
getrandom,355,SCMP_KV_3_17,318,SCMP_KV_3_17,318,SCMP_KV_3_17,384,SCMP_KV_3_17,278,SCMP_KV_3_17,278,SCMP_KV_5_19,352,SCMP_KV_3_17,353,SCMP_KV_3_17,313,SCMP_KV_3_17,317,SCMP_KV_3_17,339,SCMP_KV_3_17,339,SCMP_KV_3_17,359,SCMP_KV_3_17,359,SCMP_KV_3_17,278,SCMP_KV_4_15,349,SCMP_KV_UNDEF,349,SCMP_KV_3_17,373,SCMP_KV_4_8
getresgid,171,SCMP_KV_3_0,120,SCMP_KV_3_0,120,SCMP_KV_3_4,171,SCMP_KV_3_0,150,SCMP_KV_3_7,150,SCMP_KV_5_19,171,SCMP_KV_3_0,191,SCMP_KV_3_0,118,SCMP_KV_3_0,118,SCMP_KV_3_0,171,SCMP_KV_3_0,171,SCMP_KV_3_0,170,SCMP_KV_3_0,170,SCMP_KV_3_0,150,SCMP_KV_4_15,171,SCMP_KV_UNDEF,211,SCMP_KV_3_0,171,SCMP_KV_3_0
getresgid32,211,SCMP_KV_3_0,PNR,SCMP_KV_UNDEF,PNR,SCMP_KV_UNDEF,211,SCMP_KV_3_0,PNR,SCMP_KV_UNDEF,PNR,SCMP_KV_UNDEF,211,SCMP_KV_3_0,PNR,SCMP_KV_UNDEF,PNR,SCMP_KV_UNDEF,PNR,SCMP_KV_UNDEF,PNR,SCMP_KV_UNDEF,PNR,SCMP_KV_UNDEF,PNR,SCMP_KV_UNDEF,PNR,SCMP_KV_UNDEF,PNR,SCMP_KV_UNDEF,211,SCMP_KV_UNDEF,PNR,SCMP_KV_UNDEF,211,SCMP_KV_3_0
getresuid,165,SCMP_KV_3_0,118,SCMP_KV_3_0,118,SCMP_KV_3_4,165,SCMP_KV_3_0,148,SCMP_KV_3_7,148,SCMP_KV_5_19,165,SCMP_KV_3_0,186,SCMP_KV_3_0,116,SCMP_KV_3_0,116,SCMP_KV_3_0,165,SCMP_KV_3_0,165,SCMP_KV_3_0,165,SCMP_KV_3_0,165,SCMP_KV_3_0,148,SCMP_KV_4_15,165,SCMP_KV_UNDEF,209,SCMP_KV_3_0,165,SCMP_KV_3_0
getresuid32,209,SCMP_KV_3_0,PNR,SCMP_KV_UNDEF,PNR,SCMP_KV_UNDEF,209,SCMP_KV_3_0,PNR,SCMP_KV_UNDEF,PNR,SCMP_KV_UNDEF,209,SCMP_KV_3_0,PNR,SCMP_KV_UNDEF,PNR,SCMP_KV_UNDEF,PNR,SCMP_KV_UNDEF,PNR,SCMP_KV_UNDEF,PNR,SCMP_KV_UNDEF,PNR,SCMP_KV_UNDEF,PNR,SCMP_KV_UNDEF,PNR,SCMP_KV_UNDEF,209,SCMP_KV_UNDEF,PNR,SCMP_KV_UNDEF,209,SCMP_KV_3_0
getrlimit,76,SCMP_KV_3_0,97,SCMP_KV_3_0,97,SCMP_KV_3_4,PNR,SCMP_KV_UNDEF,163,SCMP_KV_3_7,PNR,SCMP_KV_UNDEF,76,SCMP_KV_3_0,76,SCMP_KV_3_0,95,SCMP_KV_3_0,95,SCMP_KV_3_0,76,SCMP_KV_3_0,76,SCMP_KV_3_0,76,SCMP_KV_3_0,76,SCMP_KV_3_0,163,SCMP_KV_4_15,76,SCMP_KV_UNDEF,191,SCMP_KV_3_0,76,SCMP_KV_3_0
get_robust_list,312,SCMP_KV_3_0,274,SCMP_KV_3_0,531,SCMP_KV_3_4,339,SCMP_KV_3_0,100,SCMP_KV_3_7,100,SCMP_KV_5_19,305,SCMP_KV_3_0,310,SCMP_KV_3_0,269,SCMP_KV_3_0,273,SCMP_KV_3_0,290,SCMP_KV_3_0,290,SCMP_KV_3_0,299,SCMP_KV_3_0,299,SCMP_KV_3_0,100,SCMP_KV_4_15,305,SCMP_KV_UNDEF,305,SCMP_KV_3_0,312,SCMP_KV_3_0
getrusage,77,SCMP_KV_3_0,98,SCMP_KV_3_0,98,SCMP_KV_3_4,77,SCMP_KV_3_0,165,SCMP_KV_3_7,165,SCMP_KV_5_19,77,SCMP_KV_3_0,77,SCMP_KV_3_0,96,SCMP_KV_3_0,96,SCMP_KV_3_0,77,SCMP_KV_3_0,77,SCMP_KV_3_0,77,SCMP_KV_3_0,77,SCMP_KV_3_0,165,SCMP_KV_4_15,77,SCMP_KV_UNDEF,77,SCMP_KV_3_0,77,SCMP_KV_3_0
getsid,147,SCMP_KV_3_0,124,SCMP_KV_3_0,124,SCMP_KV_3_4,147,SCMP_KV_3_0,156,SCMP_KV_3_7,156,SCMP_KV_5_19,147,SCMP_KV_3_0,151,SCMP_KV_3_0,122,SCMP_KV_3_0,122,SCMP_KV_3_0,147,SCMP_KV_3_0,147,SCMP_KV_3_0,147,SCMP_KV_3_0,147,SCMP_KV_3_0,156,SCMP_KV_4_15,147,SCMP_KV_UNDEF,147,SCMP_KV_3_0,147,SCMP_KV_3_0
getsockname,367,SCMP_KV_4_3,51,SCMP_KV_3_0,51,SCMP_KV_3_4,286,SCMP_KV_3_0,204,SCMP_KV_3_7,204,SCMP_KV_5_19,364,SCMP_KV_4_3,172,SCMP_KV_3_0,50,SCMP_KV_3_0,50,SCMP_KV_3_0,44,SCMP_KV_3_0,44,SCMP_KV_3_0,331,SCMP_KV_3_0,331,SCMP_KV_3_0,204,SCMP_KV_4_15,367,SCMP_KV_UNDEF,367,SCMP_KV_4_3,345,SCMP_KV_3_0
getsockopt,365,SCMP_KV_4_3,55,SCMP_KV_3_0,542,SCMP_KV_3_4,295,SCMP_KV_3_0,209,SCMP_KV_3_7,209,SCMP_KV_5_19,362,SCMP_KV_4_3,173,SCMP_KV_3_0,54,SCMP_KV_3_0,54,SCMP_KV_3_0,182,SCMP_KV_3_0,182,SCMP_KV_3_0,340,SCMP_KV_3_0,340,SCMP_KV_3_0,209,SCMP_KV_4_15,365,SCMP_KV_UNDEF,365,SCMP_KV_4_3,354,SCMP_KV_3_0
get_thread_area,244,SCMP_KV_3_0,211,SCMP_KV_3_0,PNR,SCMP_KV_UNDEF,PNR,SCMP_KV_UNDEF,PNR,SCMP_KV_UNDEF,PNR,SCMP_KV_UNDEF,333,SCMP_KV_3_0,PNR,SCMP_KV_UNDEF,PNR,SCMP_KV_UNDEF,PNR,SCMP_KV_UNDEF,PNR,SCMP_KV_UNDEF,PNR,SCMP_KV_UNDEF,PNR,SCMP_KV_UNDEF,PNR,SCMP_KV_UNDEF,PNR,SCMP_KV_UNDEF,PNR,SCMP_KV_UNDEF,PNR,SCMP_KV_UNDEF,PNR,SCMP_KV_UNDEF
gettid,224,SCMP_KV_3_0,186,SCMP_KV_3_0,186,SCMP_KV_3_4,224,SCMP_KV_3_0,178,SCMP_KV_3_7,178,SCMP_KV_5_19,221,SCMP_KV_3_0,222,SCMP_KV_3_0,178,SCMP_KV_3_0,178,SCMP_KV_3_0,206,SCMP_KV_3_0,206,SCMP_KV_3_0,207,SCMP_KV_3_0,207,SCMP_KV_3_0,178,SCMP_KV_4_15,236,SCMP_KV_UNDEF,236,SCMP_KV_3_0,224,SCMP_KV_3_0
gettimeofday,78,SCMP_KV_3_0,96,SCMP_KV_3_0,96,SCMP_KV_3_4,78,SCMP_KV_3_0,169,SCMP_KV_3_7,169,SCMP_KV_5_19,78,SCMP_KV_3_0,78,SCMP_KV_3_0,94,SCMP_KV_3_0,94,SCMP_KV_3_0,78,SCMP_KV_3_0,78,SCMP_KV_3_0,78,SCMP_KV_3_0,78,SCMP_KV_3_0,169,SCMP_KV_4_15,78,SCMP_KV_UNDEF,78,SCMP_KV_3_0,78,SCMP_KV_3_0
get_tls,PNR,SCMP_KV_UNDEF,PNR,SCMP_KV_UNDEF,PNR,SCMP_KV_UNDEF,983046,SCMP_KV_4_15,PNR,SCMP_KV_UNDEF,PNR,SCMP_KV_UNDEF,PNR,SCMP_KV_UNDEF,PNR,SCMP_KV_UNDEF,PNR,SCMP_KV_UNDEF,PNR,SCMP_KV_UNDEF,PNR,SCMP_KV_UNDEF,PNR,SCMP_KV_UNDEF,PNR,SCMP_KV_UNDEF,PNR,SCMP_KV_UNDEF,PNR,SCMP_KV_UNDEF,PNR,SCMP_KV_UNDEF,PNR,SCMP_KV_UNDEF,PNR,SCMP_KV_UNDEF
getuid,24,SCMP_KV_3_0,102,SCMP_KV_3_0,102,SCMP_KV_3_4,24,SCMP_KV_3_0,174,SCMP_KV_3_7,174,SCMP_KV_5_19,24,SCMP_KV_3_0,24,SCMP_KV_3_0,100,SCMP_KV_3_0,100,SCMP_KV_3_0,24,SCMP_KV_3_0,24,SCMP_KV_3_0,24,SCMP_KV_3_0,24,SCMP_KV_3_0,174,SCMP_KV_4_15,24,SCMP_KV_UNDEF,199,SCMP_KV_3_0,24,SCMP_KV_3_0
getuid32,199,SCMP_KV_3_0,PNR,SCMP_KV_UNDEF,PNR,SCMP_KV_UNDEF,199,SCMP_KV_3_0,PNR,SCMP_KV_UNDEF,PNR,SCMP_KV_UNDEF,199,SCMP_KV_3_0,PNR,SCMP_KV_UNDEF,PNR,SCMP_KV_UNDEF,PNR,SCMP_KV_UNDEF,PNR,SCMP_KV_UNDEF,PNR,SCMP_KV_UNDEF,PNR,SCMP_KV_UNDEF,PNR,SCMP_KV_UNDEF,PNR,SCMP_KV_UNDEF,199,SCMP_KV_UNDEF,PNR,SCMP_KV_UNDEF,199,SCMP_KV_3_0
getxattr,229,SCMP_KV_3_0,191,SCMP_KV_3_0,191,SCMP_KV_3_4,229,SCMP_KV_3_0,8,SCMP_KV_3_7,8,SCMP_KV_5_19,226,SCMP_KV_3_0,227,SCMP_KV_3_0,183,SCMP_KV_3_0,183,SCMP_KV_3_0,241,SCMP_KV_3_0,241,SCMP_KV_3_0,212,SCMP_KV_3_0,212,SCMP_KV_3_0,8,SCMP_KV_4_15,227,SCMP_KV_UNDEF,227,SCMP_KV_3_0,229,SCMP_KV_3_0
getxattrat,464,SCMP_KV_6_13,464,SCMP_KV_6_13,464,SCMP_KV_6_13,464,SCMP_KV_6_13,464,SCMP_KV_6_13,464,SCMP_KV_6_13,464,SCMP_KV_6_13,464,SCMP_KV_6_13,464,SCMP_KV_6_13,464,SCMP_KV_6_13,464,SCMP_KV_6_13,464,SCMP_KV_6_13,464,SCMP_KV_6_13,464,SCMP_KV_6_13,464,SCMP_KV_6_13,464,SCMP_KV_UNDEF,464,SCMP_KV_6_13,464,SCMP_KV_6_13
gtty,32,SCMP_KV_UNDEF,PNR,SCMP_KV_UNDEF,PNR,SCMP_KV_UNDEF,PNR,SCMP_KV_UNDEF,PNR,SCMP_KV_UNDEF,PNR,SCMP_KV_UNDEF,PNR,SCMP_KV_UNDEF,32,SCMP_KV_UNDEF,PNR,SCMP_KV_UNDEF,PNR,SCMP_KV_UNDEF,PNR,SCMP_KV_UNDEF,PNR,SCMP_KV_UNDEF,32,SCMP_KV_UNDEF,32,SCMP_KV_UNDEF,PNR,SCMP_KV_UNDEF,PNR,SCMP_KV_UNDEF,PNR,SCMP_KV_UNDEF,PNR,SCMP_KV_UNDEF
idle,112,SCMP_KV_UNDEF,PNR,SCMP_KV_UNDEF,PNR,SCMP_KV_UNDEF,PNR,SCMP_KV_UNDEF,PNR,SCMP_KV_UNDEF,PNR,SCMP_KV_UNDEF,PNR,SCMP_KV_UNDEF,112,SCMP_KV_UNDEF,PNR,SCMP_KV_UNDEF,PNR,SCMP_KV_UNDEF,PNR,SCMP_KV_UNDEF,PNR,SCMP_KV_UNDEF,112,SCMP_KV_UNDEF,112,SCMP_KV_UNDEF,PNR,SCMP_KV_UNDEF,112,SCMP_KV_UNDEF,112,SCMP_KV_UNDEF,PNR,SCMP_KV_UNDEF
init_module,128,SCMP_KV_3_0,175,SCMP_KV_3_0,175,SCMP_KV_3_4,128,SCMP_KV_3_0,105,SCMP_KV_3_7,105,SCMP_KV_5_19,128,SCMP_KV_3_0,128,SCMP_KV_3_0,168,SCMP_KV_3_0,168,SCMP_KV_3_0,128,SCMP_KV_3_0,128,SCMP_KV_3_0,128,SCMP_KV_3_0,128,SCMP_KV_3_0,105,SCMP_KV_4_15,128,SCMP_KV_UNDEF,128,SCMP_KV_3_0,128,SCMP_KV_3_0
inotify_add_watch,292,SCMP_KV_3_0,254,SCMP_KV_3_0,254,SCMP_KV_3_4,317,SCMP_KV_3_0,27,SCMP_KV_3_7,27,SCMP_KV_5_19,285,SCMP_KV_3_0,285,SCMP_KV_3_0,244,SCMP_KV_3_0,248,SCMP_KV_3_0,270,SCMP_KV_3_0,270,SCMP_KV_3_0,276,SCMP_KV_3_0,276,SCMP_KV_3_0,27,SCMP_KV_4_15,285,SCMP_KV_UNDEF,285,SCMP_KV_3_0,291,SCMP_KV_3_0
inotify_init,291,SCMP_KV_3_0,253,SCMP_KV_3_0,253,SCMP_KV_3_4,316,SCMP_KV_3_0,PNR,SCMP_KV_UNDEF,PNR,SCMP_KV_UNDEF,284,SCMP_KV_3_0,284,SCMP_KV_3_0,243,SCMP_KV_3_0,247,SCMP_KV_3_0,269,SCMP_KV_3_0,269,SCMP_KV_3_0,275,SCMP_KV_3_0,275,SCMP_KV_3_0,PNR,SCMP_KV_UNDEF,284,SCMP_KV_UNDEF,284,SCMP_KV_3_0,290,SCMP_KV_3_0
inotify_init1,332,SCMP_KV_3_0,294,SCMP_KV_3_0,294,SCMP_KV_3_4,360,SCMP_KV_3_0,26,SCMP_KV_3_7,26,SCMP_KV_5_19,328,SCMP_KV_3_0,329,SCMP_KV_3_0,288,SCMP_KV_3_0,292,SCMP_KV_3_0,314,SCMP_KV_3_0,314,SCMP_KV_3_0,318,SCMP_KV_3_0,318,SCMP_KV_3_0,26,SCMP_KV_4_15,324,SCMP_KV_UNDEF,324,SCMP_KV_3_0,332,SCMP_KV_3_0
inotify_rm_watch,293,SCMP_KV_3_0,255,SCMP_KV_3_0,255,SCMP_KV_3_4,318,SCMP_KV_3_0,28,SCMP_KV_3_7,28,SCMP_KV_5_19,286,SCMP_KV_3_0,286,SCMP_KV_3_0,245,SCMP_KV_3_0,249,SCMP_KV_3_0,271,SCMP_KV_3_0,271,SCMP_KV_3_0,277,SCMP_KV_3_0,277,SCMP_KV_3_0,28,SCMP_KV_4_15,286,SCMP_KV_UNDEF,286,SCMP_KV_3_0,292,SCMP_KV_3_0
io_cancel,249,SCMP_KV_3_0,210,SCMP_KV_3_0,210,SCMP_KV_3_4,247,SCMP_KV_3_0,3,SCMP_KV_3_7,3,SCMP_KV_5_19,245,SCMP_KV_3_0,245,SCMP_KV_3_0,204,SCMP_KV_3_0,204,SCMP_KV_3_0,219,SCMP_KV_3_0,219,SCMP_KV_3_0,231,SCMP_KV_3_0,231,SCMP_KV_3_0,3,SCMP_KV_4_15,247,SCMP_KV_UNDEF,247,SCMP_KV_3_0,249,SCMP_KV_3_0
ioctl,54,SCMP_KV_3_0,16,SCMP_KV_3_0,514,SCMP_KV_3_4,54,SCMP_KV_3_0,29,SCMP_KV_3_7,29,SCMP_KV_5_19,54,SCMP_KV_3_0,54,SCMP_KV_3_0,15,SCMP_KV_3_0,15,SCMP_KV_3_0,54,SCMP_KV_3_0,54,SCMP_KV_3_0,54,SCMP_KV_3_0,54,SCMP_KV_3_0,29,SCMP_KV_4_15,54,SCMP_KV_UNDEF,54,SCMP_KV_3_0,54,SCMP_KV_3_0
io_destroy,246,SCMP_KV_3_0,207,SCMP_KV_3_0,207,SCMP_KV_3_4,244,SCMP_KV_3_0,1,SCMP_KV_3_7,1,SCMP_KV_5_19,242,SCMP_KV_3_0,242,SCMP_KV_3_0,201,SCMP_KV_3_0,201,SCMP_KV_3_0,216,SCMP_KV_3_0,216,SCMP_KV_3_0,228,SCMP_KV_3_0,228,SCMP_KV_3_0,1,SCMP_KV_4_15,244,SCMP_KV_UNDEF,244,SCMP_KV_3_0,246,SCMP_KV_3_0
io_getevents,247,SCMP_KV_3_0,208,SCMP_KV_3_0,208,SCMP_KV_3_4,245,SCMP_KV_3_0,4,SCMP_KV_3_7,4,SCMP_KV_5_19,243,SCMP_KV_3_0,243,SCMP_KV_3_0,202,SCMP_KV_3_0,202,SCMP_KV_3_0,217,SCMP_KV_3_0,217,SCMP_KV_3_0,229,SCMP_KV_3_0,229,SCMP_KV_3_0,4,SCMP_KV_4_15,245,SCMP_KV_UNDEF,245,SCMP_KV_3_0,247,SCMP_KV_3_0
ioperm,101,SCMP_KV_3_0,173,SCMP_KV_3_0,173,SCMP_KV_3_4,PNR,SCMP_KV_UNDEF,PNR,SCMP_KV_UNDEF,PNR,SCMP_KV_UNDEF,PNR,SCMP_KV_UNDEF,101,SCMP_KV_3_0,PNR,SCMP_KV_UNDEF,PNR,SCMP_KV_UNDEF,PNR,SCMP_KV_UNDEF,PNR,SCMP_KV_UNDEF,101,SCMP_KV_3_0,101,SCMP_KV_3_0,PNR,SCMP_KV_UNDEF,101,SCMP_KV_UNDEF,PNR,SCMP_KV_UNDEF,PNR,SCMP_KV_UNDEF
io_pgetevents,385,SCMP_KV_4_18,333,SCMP_KV_4_18,333,SCMP_KV_4_18,399,SCMP_KV_4_19,292,SCMP_KV_4_18,292,SCMP_KV_5_19,PNR,SCMP_KV_UNDEF,368,SCMP_KV_4_18,328,SCMP_KV_4_18,332,SCMP_KV_4_18,350,SCMP_KV_4_18,350,SCMP_KV_4_18,388,SCMP_KV_4_18,388,SCMP_KV_4_18,292,SCMP_KV_4_18,382,SCMP_KV_UNDEF,382,SCMP_KV_4_18,PNR,SCMP_KV_UNDEF
io_pgetevents_time64,416,SCMP_KV_5_1,PNR,SCMP_KV_UNDEF,PNR,SCMP_KV_UNDEF,416,SCMP_KV_5_1,PNR,SCMP_KV_UNDEF,PNR,SCMP_KV_UNDEF,416,SCMP_KV_5_1,416,SCMP_KV_5_1,PNR,SCMP_KV_UNDEF,416,SCMP_KV_5_1,416,SCMP_KV_5_1,PNR,SCMP_KV_UNDEF,416,SCMP_KV_5_1,PNR,SCMP_KV_UNDEF,PNR,SCMP_KV_UNDEF,416,SCMP_KV_UNDEF,PNR,SCMP_KV_UNDEF,416,SCMP_KV_5_1
iopl,110,SCMP_KV_3_0,172,SCMP_KV_3_0,172,SCMP_KV_3_4,PNR,SCMP_KV_UNDEF,PNR,SCMP_KV_UNDEF,PNR,SCMP_KV_UNDEF,PNR,SCMP_KV_UNDEF,110,SCMP_KV_3_0,PNR,SCMP_KV_UNDEF,PNR,SCMP_KV_UNDEF,PNR,SCMP_KV_UNDEF,PNR,SCMP_KV_UNDEF,110,SCMP_KV_3_0,110,SCMP_KV_3_0,PNR,SCMP_KV_UNDEF,PNR,SCMP_KV_UNDEF,PNR,SCMP_KV_UNDEF,PNR,SCMP_KV_UNDEF
ioprio_get,290,SCMP_KV_3_0,252,SCMP_KV_3_0,252,SCMP_KV_3_4,315,SCMP_KV_3_0,31,SCMP_KV_3_7,31,SCMP_KV_5_19,283,SCMP_KV_3_0,315,SCMP_KV_3_0,274,SCMP_KV_3_0,278,SCMP_KV_3_0,268,SCMP_KV_3_0,268,SCMP_KV_3_0,274,SCMP_KV_3_0,274,SCMP_KV_3_0,31,SCMP_KV_4_15,283,SCMP_KV_UNDEF,283,SCMP_KV_3_0,289,SCMP_KV_3_0
ioprio_set,289,SCMP_KV_3_0,251,SCMP_KV_3_0,251,SCMP_KV_3_4,314,SCMP_KV_3_0,30,SCMP_KV_3_7,30,SCMP_KV_5_19,282,SCMP_KV_3_0,314,SCMP_KV_3_0,273,SCMP_KV_3_0,277,SCMP_KV_3_0,267,SCMP_KV_3_0,267,SCMP_KV_3_0,273,SCMP_KV_3_0,273,SCMP_KV_3_0,30,SCMP_KV_4_15,282,SCMP_KV_UNDEF,282,SCMP_KV_3_0,288,SCMP_KV_3_0
io_setup,245,SCMP_KV_3_0,206,SCMP_KV_3_0,543,SCMP_KV_3_4,243,SCMP_KV_3_0,0,SCMP_KV_3_7,0,SCMP_KV_5_19,241,SCMP_KV_3_0,241,SCMP_KV_3_0,200,SCMP_KV_3_0,200,SCMP_KV_3_0,215,SCMP_KV_3_0,215,SCMP_KV_3_0,227,SCMP_KV_3_0,227,SCMP_KV_3_0,0,SCMP_KV_4_15,243,SCMP_KV_UNDEF,243,SCMP_KV_3_0,245,SCMP_KV_3_0
io_submit,248,SCMP_KV_3_0,209,SCMP_KV_3_0,544,SCMP_KV_3_4,246,SCMP_KV_3_0,2,SCMP_KV_3_7,2,SCMP_KV_5_19,244,SCMP_KV_3_0,244,SCMP_KV_3_0,203,SCMP_KV_3_0,203,SCMP_KV_3_0,218,SCMP_KV_3_0,218,SCMP_KV_3_0,230,SCMP_KV_3_0,230,SCMP_KV_3_0,2,SCMP_KV_4_15,246,SCMP_KV_UNDEF,246,SCMP_KV_3_0,248,SCMP_KV_3_0
io_uring_enter,426,SCMP_KV_5_1,426,SCMP_KV_5_1,426,SCMP_KV_5_1,426,SCMP_KV_5_1,426,SCMP_KV_5_1,426,SCMP_KV_5_19,426,SCMP_KV_5_1,426,SCMP_KV_5_1,426,SCMP_KV_5_1,426,SCMP_KV_5_1,426,SCMP_KV_5_1,426,SCMP_KV_5_1,426,SCMP_KV_5_1,426,SCMP_KV_5_1,426,SCMP_KV_5_1,426,SCMP_KV_UNDEF,426,SCMP_KV_5_1,426,SCMP_KV_5_1
io_uring_register,427,SCMP_KV_5_1,427,SCMP_KV_5_1,427,SCMP_KV_5_1,427,SCMP_KV_5_1,427,SCMP_KV_5_1,427,SCMP_KV_5_19,427,SCMP_KV_5_1,427,SCMP_KV_5_1,427,SCMP_KV_5_1,427,SCMP_KV_5_1,427,SCMP_KV_5_1,427,SCMP_KV_5_1,427,SCMP_KV_5_1,427,SCMP_KV_5_1,427,SCMP_KV_5_1,427,SCMP_KV_UNDEF,427,SCMP_KV_5_1,427,SCMP_KV_5_1
io_uring_setup,425,SCMP_KV_5_1,425,SCMP_KV_5_1,425,SCMP_KV_5_1,425,SCMP_KV_5_1,425,SCMP_KV_5_1,425,SCMP_KV_5_19,425,SCMP_KV_5_1,425,SCMP_KV_5_1,425,SCMP_KV_5_1,425,SCMP_KV_5_1,425,SCMP_KV_5_1,425,SCMP_KV_5_1,425,SCMP_KV_5_1,425,SCMP_KV_5_1,425,SCMP_KV_5_1,425,SCMP_KV_UNDEF,425,SCMP_KV_5_1,425,SCMP_KV_5_1
ipc,117,SCMP_KV_3_0,PNR,SCMP_KV_UNDEF,PNR,SCMP_KV_UNDEF,PNR,SCMP_KV_UNDEF,PNR,SCMP_KV_UNDEF,PNR,SCMP_KV_UNDEF,117,SCMP_KV_3_0,117,SCMP_KV_3_0,PNR,SCMP_KV_UNDEF,PNR,SCMP_KV_UNDEF,PNR,SCMP_KV_UNDEF,PNR,SCMP_KV_UNDEF,117,SCMP_KV_3_0,117,SCMP_KV_3_0,PNR,SCMP_KV_UNDEF,117,SCMP_KV_UNDEF,117,SCMP_KV_3_0,117,SCMP_KV_3_0
kcmp,349,SCMP_KV_3_5,312,SCMP_KV_3_5,312,SCMP_KV_3_6,378,SCMP_KV_3_9,272,SCMP_KV_3_7,272,SCMP_KV_5_19,347,SCMP_KV_3_7,347,SCMP_KV_3_7,306,SCMP_KV_3_7,311,SCMP_KV_3_7,332,SCMP_KV_3_9,332,SCMP_KV_3_9,354,SCMP_KV_3_9,354,SCMP_KV_3_9,272,SCMP_KV_4_15,343,SCMP_KV_UNDEF,343,SCMP_KV_3_7,367,SCMP_KV_3_7
kexec_file_load,PNR,SCMP_KV_UNDEF,320,SCMP_KV_3_17,320,SCMP_KV_3_17,401,SCMP_KV_5_1,294,SCMP_KV_5_0,294,SCMP_KV_5_19,PNR,SCMP_KV_UNDEF,PNR,SCMP_KV_UNDEF,PNR,SCMP_KV_UNDEF,PNR,SCMP_KV_UNDEF,355,SCMP_KV_5_4,355,SCMP_KV_5_4,382,SCMP_KV_4_10,382,SCMP_KV_4_10,294,SCMP_KV_5_0,381,SCMP_KV_UNDEF,381,SCMP_KV_4_17,PNR,SCMP_KV_UNDEF
kexec_load,283,SCMP_KV_3_0,246,SCMP_KV_3_0,528,SCMP_KV_3_4,347,SCMP_KV_3_0,104,SCMP_KV_3_7,104,SCMP_KV_5_19,313,SCMP_KV_3_0,311,SCMP_KV_3_0,270,SCMP_KV_3_0,274,SCMP_KV_3_0,300,SCMP_KV_3_0,300,SCMP_KV_3_0,268,SCMP_KV_3_0,268,SCMP_KV_3_0,104,SCMP_KV_4_15,277,SCMP_KV_UNDEF,277,SCMP_KV_3_0,283,SCMP_KV_3_0
keyctl,288,SCMP_KV_3_0,250,SCMP_KV_3_0,250,SCMP_KV_3_4,311,SCMP_KV_3_0,219,SCMP_KV_3_7,219,SCMP_KV_5_19,281,SCMP_KV_3_0,282,SCMP_KV_3_0,241,SCMP_KV_3_0,245,SCMP_KV_3_0,266,SCMP_KV_3_0,266,SCMP_KV_3_0,271,SCMP_KV_3_0,271,SCMP_KV_3_0,219,SCMP_KV_4_15,280,SCMP_KV_UNDEF,280,SCMP_KV_3_0,287,SCMP_KV_3_0
kill,37,SCMP_KV_3_0,62,SCMP_KV_3_0,62,SCMP_KV_3_4,37,SCMP_KV_3_0,129,SCMP_KV_3_7,129,SCMP_KV_5_19,37,SCMP_KV_3_0,37,SCMP_KV_3_0,60,SCMP_KV_3_0,60,SCMP_KV_3_0,37,SCMP_KV_3_0,37,SCMP_KV_3_0,37,SCMP_KV_3_0,37,SCMP_KV_3_0,129,SCMP_KV_4_15,37,SCMP_KV_UNDEF,37,SCMP_KV_3_0,37,SCMP_KV_3_0
landlock_add_rule,445,SCMP_KV_5_13,445,SCMP_KV_5_13,445,SCMP_KV_5_13,445,SCMP_KV_5_13,445,SCMP_KV_5_13,445,SCMP_KV_5_19,445,SCMP_KV_5_13,445,SCMP_KV_5_13,445,SCMP_KV_5_13,445,SCMP_KV_5_13,445,SCMP_KV_5_13,445,SCMP_KV_5_13,445,SCMP_KV_5_13,445,SCMP_KV_5_13,445,SCMP_KV_5_13,445,SCMP_KV_UNDEF,445,SCMP_KV_5_13,445,SCMP_KV_5_13
landlock_create_ruleset,444,SCMP_KV_5_13,444,SCMP_KV_5_13,444,SCMP_KV_5_13,444,SCMP_KV_5_13,444,SCMP_KV_5_13,444,SCMP_KV_5_19,444,SCMP_KV_5_13,444,SCMP_KV_5_13,444,SCMP_KV_5_13,444,SCMP_KV_5_13,444,SCMP_KV_5_13,444,SCMP_KV_5_13,444,SCMP_KV_5_13,444,SCMP_KV_5_13,444,SCMP_KV_5_13,444,SCMP_KV_UNDEF,444,SCMP_KV_5_13,444,SCMP_KV_5_13
landlock_restrict_self,446,SCMP_KV_5_13,446,SCMP_KV_5_13,446,SCMP_KV_5_13,446,SCMP_KV_5_13,446,SCMP_KV_5_13,446,SCMP_KV_5_19,446,SCMP_KV_5_13,446,SCMP_KV_5_13,446,SCMP_KV_5_13,446,SCMP_KV_5_13,446,SCMP_KV_5_13,446,SCMP_KV_5_13,446,SCMP_KV_5_13,446,SCMP_KV_5_13,446,SCMP_KV_5_13,446,SCMP_KV_UNDEF,446,SCMP_KV_5_13,446,SCMP_KV_5_13
lchown,16,SCMP_KV_3_0,94,SCMP_KV_3_0,94,SCMP_KV_3_4,16,SCMP_KV_3_0,PNR,SCMP_KV_UNDEF,PNR,SCMP_KV_UNDEF,182,SCMP_KV_3_0,16,SCMP_KV_3_0,92,SCMP_KV_3_0,92,SCMP_KV_3_0,16,SCMP_KV_3_0,16,SCMP_KV_3_0,16,SCMP_KV_3_0,16,SCMP_KV_3_0,PNR,SCMP_KV_UNDEF,16,SCMP_KV_UNDEF,198,SCMP_KV_3_0,16,SCMP_KV_3_0
lchown32,198,SCMP_KV_3_0,PNR,SCMP_KV_UNDEF,PNR,SCMP_KV_UNDEF,198,SCMP_KV_3_0,PNR,SCMP_KV_UNDEF,PNR,SCMP_KV_UNDEF,212,SCMP_KV_3_0,PNR,SCMP_KV_UNDEF,PNR,SCMP_KV_UNDEF,PNR,SCMP_KV_UNDEF,PNR,SCMP_KV_UNDEF,PNR,SCMP_KV_UNDEF,PNR,SCMP_KV_UNDEF,PNR,SCMP_KV_UNDEF,PNR,SCMP_KV_UNDEF,198,SCMP_KV_UNDEF,PNR,SCMP_KV_UNDEF,198,SCMP_KV_3_0
lgetxattr,230,SCMP_KV_3_0,192,SCMP_KV_3_0,192,SCMP_KV_3_4,230,SCMP_KV_3_0,9,SCMP_KV_3_7,9,SCMP_KV_5_19,227,SCMP_KV_3_0,228,SCMP_KV_3_0,184,SCMP_KV_3_0,184,SCMP_KV_3_0,242,SCMP_KV_3_0,242,SCMP_KV_3_0,213,SCMP_KV_3_0,213,SCMP_KV_3_0,9,SCMP_KV_4_15,228,SCMP_KV_UNDEF,228,SCMP_KV_3_0,230,SCMP_KV_3_0
link,9,SCMP_KV_3_0,86,SCMP_KV_3_0,86,SCMP_KV_3_4,9,SCMP_KV_3_0,PNR,SCMP_KV_UNDEF,PNR,SCMP_KV_UNDEF,9,SCMP_KV_3_0,9,SCMP_KV_3_0,84,SCMP_KV_3_0,84,SCMP_KV_3_0,9,SCMP_KV_3_0,9,SCMP_KV_3_0,9,SCMP_KV_3_0,9,SCMP_KV_3_0,PNR,SCMP_KV_UNDEF,9,SCMP_KV_UNDEF,9,SCMP_KV_3_0,9,SCMP_KV_3_0
linkat,303,SCMP_KV_3_0,265,SCMP_KV_3_0,265,SCMP_KV_3_4,330,SCMP_KV_3_0,37,SCMP_KV_3_7,37,SCMP_KV_5_19,296,SCMP_KV_3_0,296,SCMP_KV_3_0,255,SCMP_KV_3_0,259,SCMP_KV_3_0,283,SCMP_KV_3_0,283,SCMP_KV_3_0,294,SCMP_KV_3_0,294,SCMP_KV_3_0,37,SCMP_KV_4_15,296,SCMP_KV_UNDEF,296,SCMP_KV_3_0,303,SCMP_KV_3_0
listen,363,SCMP_KV_4_3,50,SCMP_KV_3_0,50,SCMP_KV_3_4,284,SCMP_KV_3_0,201,SCMP_KV_3_7,201,SCMP_KV_5_19,360,SCMP_KV_4_3,174,SCMP_KV_3_0,49,SCMP_KV_3_0,49,SCMP_KV_3_0,32,SCMP_KV_3_0,32,SCMP_KV_3_0,329,SCMP_KV_3_0,329,SCMP_KV_3_0,201,SCMP_KV_4_15,363,SCMP_KV_UNDEF,363,SCMP_KV_4_3,343,SCMP_KV_3_0
listmount,458,SCMP_KV_6_8,458,SCMP_KV_6_8,458,SCMP_KV_6_8,458,SCMP_KV_6_8,458,SCMP_KV_6_8,458,SCMP_KV_6_8,458,SCMP_KV_6_8,458,SCMP_KV_6_8,458,SCMP_KV_6_8,458,SCMP_KV_6_8,458,SCMP_KV_6_8,458,SCMP_KV_6_8,458,SCMP_KV_6_8,458,SCMP_KV_6_8,458,SCMP_KV_6_8,458,SCMP_KV_UNDEF,458,SCMP_KV_6_8,458,SCMP_KV_6_8
listns,470,SCMP_KV_6_19,470,SCMP_KV_6_19,470,SCMP_KV_6_19,470,SCMP_KV_6_19,470,SCMP_KV_6_19,470,SCMP_KV_6_19,470,SCMP_KV_6_19,470,SCMP_KV_6_19,470,SCMP_KV_6_19,470,SCMP_KV_6_19,470,SCMP_KV_6_19,470,SCMP_KV_6_19,470,SCMP_KV_6_19,470,SCMP_KV_6_19,470,SCMP_KV_6_19,PNR,SCMP_KV_UNDEF,470,SCMP_KV_6_19,470,SCMP_KV_6_19
listxattr,232,SCMP_KV_3_0,194,SCMP_KV_3_0,194,SCMP_KV_3_4,232,SCMP_KV_3_0,11,SCMP_KV_3_7,11,SCMP_KV_5_19,229,SCMP_KV_3_0,230,SCMP_KV_3_0,186,SCMP_KV_3_0,186,SCMP_KV_3_0,244,SCMP_KV_3_0,244,SCMP_KV_3_0,215,SCMP_KV_3_0,215,SCMP_KV_3_0,11,SCMP_KV_4_15,230,SCMP_KV_UNDEF,230,SCMP_KV_3_0,232,SCMP_KV_3_0
listxattrat,465,SCMP_KV_6_13,465,SCMP_KV_6_13,465,SCMP_KV_6_13,465,SCMP_KV_6_13,465,SCMP_KV_6_13,465,SCMP_KV_6_13,465,SCMP_KV_6_13,465,SCMP_KV_6_13,465,SCMP_KV_6_13,465,SCMP_KV_6_13,465,SCMP_KV_6_13,465,SCMP_KV_6_13,465,SCMP_KV_6_13,465,SCMP_KV_6_13,465,SCMP_KV_6_13,465,SCMP_KV_UNDEF,465,SCMP_KV_6_13,465,SCMP_KV_6_13
llistxattr,233,SCMP_KV_3_0,195,SCMP_KV_3_0,195,SCMP_KV_3_4,233,SCMP_KV_3_0,12,SCMP_KV_3_7,12,SCMP_KV_5_19,230,SCMP_KV_3_0,231,SCMP_KV_3_0,187,SCMP_KV_3_0,187,SCMP_KV_3_0,245,SCMP_KV_3_0,245,SCMP_KV_3_0,216,SCMP_KV_3_0,216,SCMP_KV_3_0,12,SCMP_KV_4_15,231,SCMP_KV_UNDEF,231,SCMP_KV_3_0,233,SCMP_KV_3_0
_llseek,140,SCMP_KV_3_0,PNR,SCMP_KV_UNDEF,PNR,SCMP_KV_UNDEF,140,SCMP_KV_3_0,PNR,SCMP_KV_UNDEF,PNR,SCMP_KV_UNDEF,140,SCMP_KV_3_0,140,SCMP_KV_3_0,PNR,SCMP_KV_UNDEF,PNR,SCMP_KV_UNDEF,140,SCMP_KV_3_0,PNR,SCMP_KV_UNDEF,140,SCMP_KV_3_0,140,SCMP_KV_3_0,PNR,SCMP_KV_UNDEF,140,SCMP_KV_UNDEF,PNR,SCMP_KV_UNDEF,140,SCMP_KV_3_0
lock,53,SCMP_KV_UNDEF,PNR,SCMP_KV_UNDEF,PNR,SCMP_KV_UNDEF,PNR,SCMP_KV_UNDEF,PNR,SCMP_KV_UNDEF,PNR,SCMP_KV_UNDEF,PNR,SCMP_KV_UNDEF,53,SCMP_KV_UNDEF,PNR,SCMP_KV_UNDEF,PNR,SCMP_KV_UNDEF,PNR,SCMP_KV_UNDEF,PNR,SCMP_KV_UNDEF,53,SCMP_KV_UNDEF,53,SCMP_KV_UNDEF,PNR,SCMP_KV_UNDEF,PNR,SCMP_KV_UNDEF,PNR,SCMP_KV_UNDEF,PNR,SCMP_KV_UNDEF
lookup_dcookie,253,SCMP_KV_3_0,212,SCMP_KV_3_0,212,SCMP_KV_3_4,249,SCMP_KV_3_0,18,SCMP_KV_3_7,18,SCMP_KV_5_19,248,SCMP_KV_3_0,247,SCMP_KV_3_0,206,SCMP_KV_3_0,206,SCMP_KV_3_0,223,SCMP_KV_3_0,223,SCMP_KV_3_0,235,SCMP_KV_3_0,235,SCMP_KV_3_0,18,SCMP_KV_4_15,110,SCMP_KV_UNDEF,110,SCMP_KV_3_0,253,SCMP_KV_3_0
lremovexattr,236,SCMP_KV_3_0,198,SCMP_KV_3_0,198,SCMP_KV_3_4,236,SCMP_KV_3_0,15,SCMP_KV_3_7,15,SCMP_KV_5_19,233,SCMP_KV_3_0,234,SCMP_KV_3_0,190,SCMP_KV_3_0,190,SCMP_KV_3_0,248,SCMP_KV_3_0,248,SCMP_KV_3_0,219,SCMP_KV_3_0,219,SCMP_KV_3_0,15,SCMP_KV_4_15,234,SCMP_KV_UNDEF,234,SCMP_KV_3_0,236,SCMP_KV_3_0
lseek,19,SCMP_KV_3_0,8,SCMP_KV_3_0,8,SCMP_KV_3_4,19,SCMP_KV_3_0,62,SCMP_KV_3_7,62,SCMP_KV_5_19,19,SCMP_KV_3_0,19,SCMP_KV_3_0,8,SCMP_KV_3_0,8,SCMP_KV_3_0,19,SCMP_KV_3_0,19,SCMP_KV_3_0,19,SCMP_KV_3_0,19,SCMP_KV_3_0,62,SCMP_KV_4_15,19,SCMP_KV_UNDEF,19,SCMP_KV_3_0,19,SCMP_KV_3_0
lsetxattr,227,SCMP_KV_3_0,189,SCMP_KV_3_0,189,SCMP_KV_3_4,227,SCMP_KV_3_0,6,SCMP_KV_3_7,6,SCMP_KV_5_19,224,SCMP_KV_3_0,225,SCMP_KV_3_0,181,SCMP_KV_3_0,181,SCMP_KV_3_0,239,SCMP_KV_3_0,239,SCMP_KV_3_0,210,SCMP_KV_3_0,210,SCMP_KV_3_0,6,SCMP_KV_4_15,225,SCMP_KV_UNDEF,225,SCMP_KV_3_0,227,SCMP_KV_3_0
lsm_get_self_attr,459,SCMP_KV_6_8,459,SCMP_KV_6_8,459,SCMP_KV_6_8,459,SCMP_KV_6_8,459,SCMP_KV_6_8,459,SCMP_KV_6_8,459,SCMP_KV_6_8,459,SCMP_KV_6_8,459,SCMP_KV_6_8,459,SCMP_KV_6_8,459,SCMP_KV_6_8,459,SCMP_KV_6_8,459,SCMP_KV_6_8,459,SCMP_KV_6_8,459,SCMP_KV_6_8,459,SCMP_KV_UNDEF,459,SCMP_KV_6_8,459,SCMP_KV_6_8
lsm_list_modules,461,SCMP_KV_6_8,461,SCMP_KV_6_8,461,SCMP_KV_6_8,461,SCMP_KV_6_8,461,SCMP_KV_6_8,461,SCMP_KV_6_8,461,SCMP_KV_6_8,461,SCMP_KV_6_8,461,SCMP_KV_6_8,461,SCMP_KV_6_8,461,SCMP_KV_6_8,461,SCMP_KV_6_8,461,SCMP_KV_6_8,461,SCMP_KV_6_8,461,SCMP_KV_6_8,461,SCMP_KV_UNDEF,461,SCMP_KV_6_8,461,SCMP_KV_6_8
lsm_set_self_attr,460,SCMP_KV_6_8,460,SCMP_KV_6_8,460,SCMP_KV_6_8,460,SCMP_KV_6_8,460,SCMP_KV_6_8,460,SCMP_KV_6_8,460,SCMP_KV_6_8,460,SCMP_KV_6_8,460,SCMP_KV_6_8,460,SCMP_KV_6_8,460,SCMP_KV_6_8,460,SCMP_KV_6_8,460,SCMP_KV_6_8,460,SCMP_KV_6_8,460,SCMP_KV_6_8,460,SCMP_KV_UNDEF,460,SCMP_KV_6_8,460,SCMP_KV_6_8
lstat,107,SCMP_KV_3_0,6,SCMP_KV_3_0,6,SCMP_KV_3_4,107,SCMP_KV_3_0,PNR,SCMP_KV_UNDEF,PNR,SCMP_KV_UNDEF,107,SCMP_KV_3_0,107,SCMP_KV_3_0,6,SCMP_KV_3_0,6,SCMP_KV_3_0,84,SCMP_KV_3_0,84,SCMP_KV_3_0,107,SCMP_KV_3_0,107,SCMP_KV_3_0,PNR,SCMP_KV_UNDEF,107,SCMP_KV_UNDEF,107,SCMP_KV_3_0,107,SCMP_KV_3_0
lstat64,196,SCMP_KV_3_0,PNR,SCMP_KV_UNDEF,PNR,SCMP_KV_UNDEF,196,SCMP_KV_3_0,PNR,SCMP_KV_UNDEF,PNR,SCMP_KV_UNDEF,196,SCMP_KV_3_0,214,SCMP_KV_3_0,PNR,SCMP_KV_UNDEF,PNR,SCMP_KV_UNDEF,198,SCMP_KV_3_0,198,SCMP_KV_3_0,196,SCMP_KV_3_0,PNR,SCMP_KV_UNDEF,PNR,SCMP_KV_UNDEF,196,SCMP_KV_UNDEF,PNR,SCMP_KV_UNDEF,196,SCMP_KV_3_0
madvise,219,SCMP_KV_3_0,28,SCMP_KV_3_0,28,SCMP_KV_3_4,220,SCMP_KV_3_0,233,SCMP_KV_3_7,233,SCMP_KV_5_19,238,SCMP_KV_3_0,218,SCMP_KV_3_0,27,SCMP_KV_3_0,27,SCMP_KV_3_0,119,SCMP_KV_3_0,119,SCMP_KV_3_0,205,SCMP_KV_3_0,205,SCMP_KV_3_0,233,SCMP_KV_4_15,219,SCMP_KV_UNDEF,219,SCMP_KV_3_0,219,SCMP_KV_3_0
map_shadow_stack,453,SCMP_KV_6_7,453,SCMP_KV_6_6,453,SCMP_KV_6_10,453,SCMP_KV_6_7,453,SCMP_KV_6_7,453,SCMP_KV_6_7,453,SCMP_KV_6_7,453,SCMP_KV_6_7,453,SCMP_KV_6_7,453,SCMP_KV_6_7,453,SCMP_KV_6_7,453,SCMP_KV_6_7,453,SCMP_KV_6_7,453,SCMP_KV_6_7,453,SCMP_KV_6_7,453,SCMP_KV_UNDEF,453,SCMP_KV_6_7,453,SCMP_KV_6_7
mbind,274,SCMP_KV_3_0,237,SCMP_KV_3_0,237,SCMP_KV_3_4,319,SCMP_KV_3_0,235,SCMP_KV_3_7,235,SCMP_KV_5_19,268,SCMP_KV_3_0,268,SCMP_KV_3_0,227,SCMP_KV_3_0,231,SCMP_KV_3_0,260,SCMP_KV_3_0,260,SCMP_KV_3_0,259,SCMP_KV_3_0,259,SCMP_KV_3_0,235,SCMP_KV_4_15,268,SCMP_KV_UNDEF,268,SCMP_KV_4_3,274,SCMP_KV_3_0
membarrier,375,SCMP_KV_4_3,324,SCMP_KV_4_3,324,SCMP_KV_4_3,389,SCMP_KV_4_3,283,SCMP_KV_4_3,283,SCMP_KV_5_19,374,SCMP_KV_4_3,358,SCMP_KV_4_3,318,SCMP_KV_4_3,322,SCMP_KV_4_3,343,SCMP_KV_4_4,343,SCMP_KV_4_4,365,SCMP_KV_4_3,365,SCMP_KV_4_3,283,SCMP_KV_4_15,356,SCMP_KV_UNDEF,356,SCMP_KV_4_3,378,SCMP_KV_4_8
memfd_create,356,SCMP_KV_3_17,319,SCMP_KV_3_17,319,SCMP_KV_3_17,385,SCMP_KV_3_17,279,SCMP_KV_3_17,279,SCMP_KV_5_19,353,SCMP_KV_3_17,354,SCMP_KV_3_17,314,SCMP_KV_3_17,318,SCMP_KV_3_17,340,SCMP_KV_3_17,340,SCMP_KV_3_17,360,SCMP_KV_3_17,360,SCMP_KV_3_17,279,SCMP_KV_4_15,350,SCMP_KV_UNDEF,350,SCMP_KV_3_17,374,SCMP_KV_4_8
memfd_secret,447,SCMP_KV_5_14,447,SCMP_KV_5_14,447,SCMP_KV_5_14,PNR,SCMP_KV_UNDEF,447,SCMP_KV_5_14,PNR,SCMP_KV_UNDEF,PNR,SCMP_KV_UNDEF,PNR,SCMP_KV_UNDEF,PNR,SCMP_KV_UNDEF,PNR,SCMP_KV_UNDEF,PNR,SCMP_KV_UNDEF,PNR,SCMP_KV_UNDEF,PNR,SCMP_KV_UNDEF,PNR,SCMP_KV_UNDEF,447,SCMP_KV_5_19,447,SCMP_KV_UNDEF,447,SCMP_KV_6_4,PNR,SCMP_KV_UNDEF
migrate_pages,294,SCMP_KV_3_0,256,SCMP_KV_3_0,256,SCMP_KV_3_4,400,SCMP_KV_5_1,238,SCMP_KV_3_7,238,SCMP_KV_5_19,287,SCMP_KV_3_0,287,SCMP_KV_3_0,246,SCMP_KV_3_0,250,SCMP_KV_3_0,272,SCMP_KV_3_0,272,SCMP_KV_3_0,258,SCMP_KV_3_0,258,SCMP_KV_3_0,238,SCMP_KV_4_15,287,SCMP_KV_UNDEF,287,SCMP_KV_4_3,294,SCMP_KV_3_0
mincore,218,SCMP_KV_3_0,27,SCMP_KV_3_0,27,SCMP_KV_3_4,219,SCMP_KV_3_0,232,SCMP_KV_3_7,232,SCMP_KV_5_19,237,SCMP_KV_3_0,217,SCMP_KV_3_0,26,SCMP_KV_3_0,26,SCMP_KV_3_0,72,SCMP_KV_3_0,72,SCMP_KV_3_0,206,SCMP_KV_3_0,206,SCMP_KV_3_0,232,SCMP_KV_4_15,218,SCMP_KV_UNDEF,218,SCMP_KV_3_0,218,SCMP_KV_3_0
mkdir,39,SCMP_KV_3_0,83,SCMP_KV_3_0,83,SCMP_KV_3_4,39,SCMP_KV_3_0,PNR,SCMP_KV_UNDEF,PNR,SCMP_KV_UNDEF,39,SCMP_KV_3_0,39,SCMP_KV_3_0,81,SCMP_KV_3_0,81,SCMP_KV_3_0,39,SCMP_KV_3_0,39,SCMP_KV_3_0,39,SCMP_KV_3_0,39,SCMP_KV_3_0,PNR,SCMP_KV_UNDEF,39,SCMP_KV_UNDEF,39,SCMP_KV_3_0,39,SCMP_KV_3_0
mkdirat,296,SCMP_KV_3_0,258,SCMP_KV_3_0,258,SCMP_KV_3_4,323,SCMP_KV_3_0,34,SCMP_KV_3_7,34,SCMP_KV_5_19,289,SCMP_KV_3_0,289,SCMP_KV_3_0,248,SCMP_KV_3_0,252,SCMP_KV_3_0,276,SCMP_KV_3_0,276,SCMP_KV_3_0,287,SCMP_KV_3_0,287,SCMP_KV_3_0,34,SCMP_KV_4_15,289,SCMP_KV_UNDEF,289,SCMP_KV_3_0,296,SCMP_KV_3_0
mknod,14,SCMP_KV_3_0,133,SCMP_KV_3_0,133,SCMP_KV_3_4,14,SCMP_KV_3_0,PNR,SCMP_KV_UNDEF,PNR,SCMP_KV_UNDEF,14,SCMP_KV_3_0,14,SCMP_KV_3_0,131,SCMP_KV_3_0,131,SCMP_KV_3_0,14,SCMP_KV_3_0,14,SCMP_KV_3_0,14,SCMP_KV_3_0,14,SCMP_KV_3_0,PNR,SCMP_KV_UNDEF,14,SCMP_KV_UNDEF,14,SCMP_KV_3_0,14,SCMP_KV_3_0
mknodat,297,SCMP_KV_3_0,259,SCMP_KV_3_0,259,SCMP_KV_3_4,324,SCMP_KV_3_0,33,SCMP_KV_3_7,33,SCMP_KV_5_19,290,SCMP_KV_3_0,290,SCMP_KV_3_0,249,SCMP_KV_3_0,253,SCMP_KV_3_0,277,SCMP_KV_3_0,277,SCMP_KV_3_0,288,SCMP_KV_3_0,288,SCMP_KV_3_0,33,SCMP_KV_4_15,290,SCMP_KV_UNDEF,290,SCMP_KV_3_0,297,SCMP_KV_3_0
mlock,150,SCMP_KV_3_0,149,SCMP_KV_3_0,149,SCMP_KV_3_4,150,SCMP_KV_3_0,228,SCMP_KV_3_7,228,SCMP_KV_5_19,150,SCMP_KV_3_0,154,SCMP_KV_3_0,146,SCMP_KV_3_0,146,SCMP_KV_3_0,150,SCMP_KV_3_0,150,SCMP_KV_3_0,150,SCMP_KV_3_0,150,SCMP_KV_3_0,228,SCMP_KV_4_15,150,SCMP_KV_UNDEF,150,SCMP_KV_3_0,150,SCMP_KV_3_0
mlock2,376,SCMP_KV_4_4,325,SCMP_KV_4_4,325,SCMP_KV_4_4,390,SCMP_KV_4_4,284,SCMP_KV_4_4,284,SCMP_KV_5_19,375,SCMP_KV_4_4,359,SCMP_KV_4_4,319,SCMP_KV_4_4,323,SCMP_KV_4_4,345,SCMP_KV_4_4,345,SCMP_KV_4_4,378,SCMP_KV_4_4,378,SCMP_KV_4_4,284,SCMP_KV_4_15,374,SCMP_KV_UNDEF,374,SCMP_KV_4_4,379,SCMP_KV_4_8
mlockall,152,SCMP_KV_3_0,151,SCMP_KV_3_0,151,SCMP_KV_3_4,152,SCMP_KV_3_0,230,SCMP_KV_3_7,230,SCMP_KV_5_19,152,SCMP_KV_3_0,156,SCMP_KV_3_0,148,SCMP_KV_3_0,148,SCMP_KV_3_0,152,SCMP_KV_3_0,152,SCMP_KV_3_0,152,SCMP_KV_3_0,152,SCMP_KV_3_0,230,SCMP_KV_4_15,152,SCMP_KV_UNDEF,152,SCMP_KV_3_0,152,SCMP_KV_3_0
mmap,90,SCMP_KV_3_0,9,SCMP_KV_3_0,9,SCMP_KV_3_4,PNR,SCMP_KV_UNDEF,222,SCMP_KV_3_7,222,SCMP_KV_5_19,90,SCMP_KV_3_0,90,SCMP_KV_3_0,9,SCMP_KV_3_0,9,SCMP_KV_3_0,90,SCMP_KV_3_0,90,SCMP_KV_3_0,90,SCMP_KV_3_0,90,SCMP_KV_3_0,222,SCMP_KV_4_15,90,SCMP_KV_UNDEF,90,SCMP_KV_3_0,90,SCMP_KV_3_0
mmap2,192,SCMP_KV_3_0,PNR,SCMP_KV_UNDEF,PNR,SCMP_KV_UNDEF,192,SCMP_KV_3_0,PNR,SCMP_KV_UNDEF,PNR,SCMP_KV_UNDEF,192,SCMP_KV_3_0,210,SCMP_KV_3_0,PNR,SCMP_KV_UNDEF,PNR,SCMP_KV_UNDEF,89,SCMP_KV_3_0,89,SCMP_KV_3_0,192,SCMP_KV_3_0,PNR,SCMP_KV_UNDEF,PNR,SCMP_KV_UNDEF,192,SCMP_KV_UNDEF,PNR,SCMP_KV_UNDEF,192,SCMP_KV_3_0
modify_ldt,123,SCMP_KV_3_0,154,SCMP_KV_3_0,154,SCMP_KV_3_4,PNR,SCMP_KV_UNDEF,PNR,SCMP_KV_UNDEF,PNR,SCMP_KV_UNDEF,PNR,SCMP_KV_UNDEF,123,SCMP_KV_3_0,PNR,SCMP_KV_UNDEF,PNR,SCMP_KV_UNDEF,PNR,SCMP_KV_UNDEF,PNR,SCMP_KV_UNDEF,123,SCMP_KV_3_0,123,SCMP_KV_3_0,PNR,SCMP_KV_UNDEF,PNR,SCMP_KV_UNDEF,PNR,SCMP_KV_UNDEF,PNR,SCMP_KV_UNDEF
mount,21,SCMP_KV_3_0,165,SCMP_KV_3_0,165,SCMP_KV_3_4,21,SCMP_KV_3_0,40,SCMP_KV_3_7,40,SCMP_KV_5_19,21,SCMP_KV_3_0,21,SCMP_KV_3_0,160,SCMP_KV_3_0,160,SCMP_KV_3_0,21,SCMP_KV_3_0,21,SCMP_KV_3_0,21,SCMP_KV_3_0,21,SCMP_KV_3_0,40,SCMP_KV_4_15,21,SCMP_KV_UNDEF,21,SCMP_KV_3_0,21,SCMP_KV_3_0
mount_setattr,442,SCMP_KV_5_12,442,SCMP_KV_5_12,442,SCMP_KV_5_12,442,SCMP_KV_5_12,442,SCMP_KV_5_12,442,SCMP_KV_5_19,442,SCMP_KV_5_12,442,SCMP_KV_5_12,442,SCMP_KV_5_12,442,SCMP_KV_5_12,442,SCMP_KV_5_12,442,SCMP_KV_5_12,442,SCMP_KV_5_12,442,SCMP_KV_5_12,442,SCMP_KV_5_12,442,SCMP_KV_UNDEF,442,SCMP_KV_5_12,442,SCMP_KV_5_12
move_mount,429,SCMP_KV_5_2,429,SCMP_KV_5_2,429,SCMP_KV_5_2,429,SCMP_KV_5_2,429,SCMP_KV_5_2,429,SCMP_KV_5_19,429,SCMP_KV_5_2,429,SCMP_KV_5_2,429,SCMP_KV_5_2,429,SCMP_KV_5_2,429,SCMP_KV_5_2,429,SCMP_KV_5_2,429,SCMP_KV_5_2,429,SCMP_KV_5_2,429,SCMP_KV_5_2,429,SCMP_KV_UNDEF,429,SCMP_KV_5_2,429,SCMP_KV_5_2
move_pages,317,SCMP_KV_3_0,279,SCMP_KV_3_0,533,SCMP_KV_3_4,344,SCMP_KV_3_0,239,SCMP_KV_3_7,239,SCMP_KV_5_19,310,SCMP_KV_3_0,308,SCMP_KV_3_0,267,SCMP_KV_3_0,271,SCMP_KV_3_0,295,SCMP_KV_3_0,295,SCMP_KV_3_0,301,SCMP_KV_3_0,301,SCMP_KV_3_0,239,SCMP_KV_4_15,310,SCMP_KV_UNDEF,310,SCMP_KV_4_3,317,SCMP_KV_3_0
mprotect,125,SCMP_KV_3_0,10,SCMP_KV_3_0,10,SCMP_KV_3_4,125,SCMP_KV_3_0,226,SCMP_KV_3_7,226,SCMP_KV_5_19,125,SCMP_KV_3_0,125,SCMP_KV_3_0,10,SCMP_KV_3_0,10,SCMP_KV_3_0,125,SCMP_KV_3_0,125,SCMP_KV_3_0,125,SCMP_KV_3_0,125,SCMP_KV_3_0,226,SCMP_KV_4_15,125,SCMP_KV_UNDEF,125,SCMP_KV_3_0,125,SCMP_KV_3_0
mpx,56,SCMP_KV_UNDEF,PNR,SCMP_KV_UNDEF,PNR,SCMP_KV_UNDEF,PNR,SCMP_KV_UNDEF,PNR,SCMP_KV_UNDEF,PNR,SCMP_KV_UNDEF,PNR,SCMP_KV_UNDEF,56,SCMP_KV_UNDEF,PNR,SCMP_KV_UNDEF,PNR,SCMP_KV_UNDEF,PNR,SCMP_KV_UNDEF,PNR,SCMP_KV_UNDEF,56,SCMP_KV_UNDEF,56,SCMP_KV_UNDEF,PNR,SCMP_KV_UNDEF,PNR,SCMP_KV_UNDEF,PNR,SCMP_KV_UNDEF,PNR,SCMP_KV_UNDEF
mq_getsetattr,282,SCMP_KV_3_0,245,SCMP_KV_3_0,245,SCMP_KV_3_4,279,SCMP_KV_3_0,185,SCMP_KV_3_7,185,SCMP_KV_5_19,276,SCMP_KV_3_0,276,SCMP_KV_3_0,235,SCMP_KV_3_0,239,SCMP_KV_3_0,234,SCMP_KV_3_0,234,SCMP_KV_3_0,267,SCMP_KV_3_0,267,SCMP_KV_3_0,185,SCMP_KV_4_15,276,SCMP_KV_UNDEF,276,SCMP_KV_3_0,282,SCMP_KV_3_0
mq_notify,281,SCMP_KV_3_0,244,SCMP_KV_3_0,527,SCMP_KV_3_4,278,SCMP_KV_3_0,184,SCMP_KV_3_7,184,SCMP_KV_5_19,275,SCMP_KV_3_0,275,SCMP_KV_3_0,234,SCMP_KV_3_0,238,SCMP_KV_3_0,233,SCMP_KV_3_0,233,SCMP_KV_3_0,266,SCMP_KV_3_0,266,SCMP_KV_3_0,184,SCMP_KV_4_15,275,SCMP_KV_UNDEF,275,SCMP_KV_3_0,281,SCMP_KV_3_0
mq_open,277,SCMP_KV_3_0,240,SCMP_KV_3_0,240,SCMP_KV_3_4,274,SCMP_KV_3_0,180,SCMP_KV_3_7,180,SCMP_KV_5_19,271,SCMP_KV_3_0,271,SCMP_KV_3_0,230,SCMP_KV_3_0,234,SCMP_KV_3_0,229,SCMP_KV_3_0,229,SCMP_KV_3_0,262,SCMP_KV_3_0,262,SCMP_KV_3_0,180,SCMP_KV_4_15,271,SCMP_KV_UNDEF,271,SCMP_KV_3_0,277,SCMP_KV_3_0
mq_timedreceive,280,SCMP_KV_3_0,243,SCMP_KV_3_0,243,SCMP_KV_3_4,277,SCMP_KV_3_0,183,SCMP_KV_3_7,183,SCMP_KV_5_19,274,SCMP_KV_3_0,274,SCMP_KV_3_0,233,SCMP_KV_3_0,237,SCMP_KV_3_0,232,SCMP_KV_3_0,232,SCMP_KV_3_0,265,SCMP_KV_3_0,265,SCMP_KV_3_0,183,SCMP_KV_4_15,274,SCMP_KV_UNDEF,274,SCMP_KV_3_0,280,SCMP_KV_3_0
mq_timedreceive_time64,419,SCMP_KV_5_1,PNR,SCMP_KV_UNDEF,PNR,SCMP_KV_UNDEF,419,SCMP_KV_5_1,PNR,SCMP_KV_UNDEF,PNR,SCMP_KV_UNDEF,419,SCMP_KV_5_1,419,SCMP_KV_5_1,PNR,SCMP_KV_UNDEF,419,SCMP_KV_5_1,419,SCMP_KV_5_1,PNR,SCMP_KV_UNDEF,419,SCMP_KV_5_1,PNR,SCMP_KV_UNDEF,PNR,SCMP_KV_UNDEF,419,SCMP_KV_UNDEF,PNR,SCMP_KV_UNDEF,419,SCMP_KV_5_1
mq_timedsend,279,SCMP_KV_3_0,242,SCMP_KV_3_0,242,SCMP_KV_3_4,276,SCMP_KV_3_0,182,SCMP_KV_3_7,182,SCMP_KV_5_19,273,SCMP_KV_3_0,273,SCMP_KV_3_0,232,SCMP_KV_3_0,236,SCMP_KV_3_0,231,SCMP_KV_3_0,231,SCMP_KV_3_0,264,SCMP_KV_3_0,264,SCMP_KV_3_0,182,SCMP_KV_4_15,273,SCMP_KV_UNDEF,273,SCMP_KV_3_0,279,SCMP_KV_3_0
mq_timedsend_time64,418,SCMP_KV_5_1,PNR,SCMP_KV_UNDEF,PNR,SCMP_KV_UNDEF,418,SCMP_KV_5_1,PNR,SCMP_KV_UNDEF,PNR,SCMP_KV_UNDEF,418,SCMP_KV_5_1,418,SCMP_KV_5_1,PNR,SCMP_KV_UNDEF,418,SCMP_KV_5_1,418,SCMP_KV_5_1,PNR,SCMP_KV_UNDEF,418,SCMP_KV_5_1,PNR,SCMP_KV_UNDEF,PNR,SCMP_KV_UNDEF,418,SCMP_KV_UNDEF,PNR,SCMP_KV_UNDEF,418,SCMP_KV_5_1
mq_unlink,278,SCMP_KV_3_0,241,SCMP_KV_3_0,241,SCMP_KV_3_4,275,SCMP_KV_3_0,181,SCMP_KV_3_7,181,SCMP_KV_5_19,272,SCMP_KV_3_0,272,SCMP_KV_3_0,231,SCMP_KV_3_0,235,SCMP_KV_3_0,230,SCMP_KV_3_0,230,SCMP_KV_3_0,263,SCMP_KV_3_0,263,SCMP_KV_3_0,181,SCMP_KV_4_15,272,SCMP_KV_UNDEF,272,SCMP_KV_3_0,278,SCMP_KV_3_0
mremap,163,SCMP_KV_3_0,25,SCMP_KV_3_0,25,SCMP_KV_3_4,163,SCMP_KV_3_0,216,SCMP_KV_3_7,216,SCMP_KV_5_19,163,SCMP_KV_3_0,167,SCMP_KV_3_0,24,SCMP_KV_3_0,24,SCMP_KV_3_0,163,SCMP_KV_3_0,163,SCMP_KV_3_0,163,SCMP_KV_3_0,163,SCMP_KV_3_0,216,SCMP_KV_4_15,163,SCMP_KV_UNDEF,163,SCMP_KV_3_0,163,SCMP_KV_3_0
mseal,462,SCMP_KV_6_10,462,SCMP_KV_6_10,462,SCMP_KV_6_10,462,SCMP_KV_6_10,462,SCMP_KV_6_10,462,SCMP_KV_6_10,462,SCMP_KV_6_10,462,SCMP_KV_6_10,462,SCMP_KV_6_10,462,SCMP_KV_6_10,462,SCMP_KV_6_10,462,SCMP_KV_6_10,462,SCMP_KV_6_10,462,SCMP_KV_6_10,462,SCMP_KV_6_10,462,SCMP_KV_UNDEF,462,SCMP_KV_6_10,462,SCMP_KV_6_10
msgctl,402,SCMP_KV_5_1,71,SCMP_KV_3_0,71,SCMP_KV_3_4,304,SCMP_KV_3_0,187,SCMP_KV_3_7,187,SCMP_KV_5_19,402,SCMP_KV_5_1,402,SCMP_KV_5_1,69,SCMP_KV_3_0,69,SCMP_KV_3_0,191,SCMP_KV_3_0,191,SCMP_KV_3_0,402,SCMP_KV_5_1,402,SCMP_KV_5_1,187,SCMP_KV_4_15,402,SCMP_KV_UNDEF,402,SCMP_KV_5_1,402,SCMP_KV_5_1
msgget,399,SCMP_KV_5_1,68,SCMP_KV_3_0,68,SCMP_KV_3_4,303,SCMP_KV_3_0,186,SCMP_KV_3_7,186,SCMP_KV_5_19,399,SCMP_KV_5_1,399,SCMP_KV_5_1,66,SCMP_KV_3_0,66,SCMP_KV_3_0,190,SCMP_KV_3_0,190,SCMP_KV_3_0,399,SCMP_KV_5_1,399,SCMP_KV_5_1,186,SCMP_KV_4_15,399,SCMP_KV_UNDEF,399,SCMP_KV_5_1,399,SCMP_KV_5_1
msgrcv,401,SCMP_KV_5_1,70,SCMP_KV_3_0,70,SCMP_KV_3_4,302,SCMP_KV_3_0,188,SCMP_KV_3_7,188,SCMP_KV_5_19,401,SCMP_KV_5_1,401,SCMP_KV_5_1,68,SCMP_KV_3_0,68,SCMP_KV_3_0,189,SCMP_KV_3_0,189,SCMP_KV_3_0,401,SCMP_KV_5_1,401,SCMP_KV_5_1,188,SCMP_KV_4_15,401,SCMP_KV_UNDEF,401,SCMP_KV_5_1,401,SCMP_KV_5_1
msgsnd,400,SCMP_KV_5_1,69,SCMP_KV_3_0,69,SCMP_KV_3_4,301,SCMP_KV_3_0,189,SCMP_KV_3_7,189,SCMP_KV_5_19,400,SCMP_KV_5_1,400,SCMP_KV_5_1,67,SCMP_KV_3_0,67,SCMP_KV_3_0,188,SCMP_KV_3_0,188,SCMP_KV_3_0,400,SCMP_KV_5_1,400,SCMP_KV_5_1,189,SCMP_KV_4_15,400,SCMP_KV_UNDEF,400,SCMP_KV_5_1,400,SCMP_KV_5_1
msync,144,SCMP_KV_3_0,26,SCMP_KV_3_0,26,SCMP_KV_3_4,144,SCMP_KV_3_0,227,SCMP_KV_3_7,227,SCMP_KV_5_19,144,SCMP_KV_3_0,144,SCMP_KV_3_0,25,SCMP_KV_3_0,25,SCMP_KV_3_0,144,SCMP_KV_3_0,144,SCMP_KV_3_0,144,SCMP_KV_3_0,144,SCMP_KV_3_0,227,SCMP_KV_4_15,144,SCMP_KV_UNDEF,144,SCMP_KV_3_0,144,SCMP_KV_3_0
multiplexer,PNR,SCMP_KV_UNDEF,PNR,SCMP_KV_UNDEF,PNR,SCMP_KV_UNDEF,PNR,SCMP_KV_UNDEF,PNR,SCMP_KV_UNDEF,PNR,SCMP_KV_UNDEF,PNR,SCMP_KV_UNDEF,PNR,SCMP_KV_UNDEF,PNR,SCMP_KV_UNDEF,PNR,SCMP_KV_UNDEF,PNR,SCMP_KV_UNDEF,PNR,SCMP_KV_UNDEF,201,SCMP_KV_3_0,201,SCMP_KV_3_0,PNR,SCMP_KV_UNDEF,PNR,SCMP_KV_UNDEF,PNR,SCMP_KV_UNDEF,PNR,SCMP_KV_UNDEF
munlock,151,SCMP_KV_3_0,150,SCMP_KV_3_0,150,SCMP_KV_3_4,151,SCMP_KV_3_0,229,SCMP_KV_3_7,229,SCMP_KV_5_19,151,SCMP_KV_3_0,155,SCMP_KV_3_0,147,SCMP_KV_3_0,147,SCMP_KV_3_0,151,SCMP_KV_3_0,151,SCMP_KV_3_0,151,SCMP_KV_3_0,151,SCMP_KV_3_0,229,SCMP_KV_4_15,151,SCMP_KV_UNDEF,151,SCMP_KV_3_0,151,SCMP_KV_3_0
munlockall,153,SCMP_KV_3_0,152,SCMP_KV_3_0,152,SCMP_KV_3_4,153,SCMP_KV_3_0,231,SCMP_KV_3_7,231,SCMP_KV_5_19,153,SCMP_KV_3_0,157,SCMP_KV_3_0,149,SCMP_KV_3_0,149,SCMP_KV_3_0,153,SCMP_KV_3_0,153,SCMP_KV_3_0,153,SCMP_KV_3_0,153,SCMP_KV_3_0,231,SCMP_KV_4_15,153,SCMP_KV_UNDEF,153,SCMP_KV_3_0,153,SCMP_KV_3_0
munmap,91,SCMP_KV_3_0,11,SCMP_KV_3_0,11,SCMP_KV_3_4,91,SCMP_KV_3_0,215,SCMP_KV_3_7,215,SCMP_KV_5_19,91,SCMP_KV_3_0,91,SCMP_KV_3_0,11,SCMP_KV_3_0,11,SCMP_KV_3_0,91,SCMP_KV_3_0,91,SCMP_KV_3_0,91,SCMP_KV_3_0,91,SCMP_KV_3_0,215,SCMP_KV_4_15,91,SCMP_KV_UNDEF,91,SCMP_KV_3_0,91,SCMP_KV_3_0
name_to_handle_at,341,SCMP_KV_3_0,303,SCMP_KV_3_0,303,SCMP_KV_3_4,370,SCMP_KV_3_0,264,SCMP_KV_3_7,264,SCMP_KV_5_19,340,SCMP_KV_3_0,339,SCMP_KV_3_0,298,SCMP_KV_3_0,303,SCMP_KV_3_0,325,SCMP_KV_3_0,325,SCMP_KV_3_0,345,SCMP_KV_3_0,345,SCMP_KV_3_0,264,SCMP_KV_4_15,335,SCMP_KV_UNDEF,335,SCMP_KV_3_0,359,SCMP_KV_3_0
nanosleep,162,SCMP_KV_3_0,35,SCMP_KV_3_0,35,SCMP_KV_3_4,162,SCMP_KV_3_0,101,SCMP_KV_3_7,101,SCMP_KV_5_19,162,SCMP_KV_3_0,166,SCMP_KV_3_0,34,SCMP_KV_3_0,34,SCMP_KV_3_0,162,SCMP_KV_3_0,162,SCMP_KV_3_0,162,SCMP_KV_3_0,162,SCMP_KV_3_0,101,SCMP_KV_4_15,162,SCMP_KV_UNDEF,162,SCMP_KV_3_0,162,SCMP_KV_3_0
newfstatat,PNR,SCMP_KV_UNDEF,262,SCMP_KV_3_0,262,SCMP_KV_3_4,PNR,SCMP_KV_UNDEF,79,SCMP_KV_3_7,79,SCMP_KV_6_11,PNR,SCMP_KV_UNDEF,PNR,SCMP_KV_UNDEF,252,SCMP_KV_3_0,256,SCMP_KV_3_0,PNR,SCMP_KV_UNDEF,PNR,SCMP_KV_UNDEF,PNR,SCMP_KV_UNDEF,291,SCMP_KV_3_0,79,SCMP_KV_4_15,PNR,SCMP_KV_UNDEF,293,SCMP_KV_3_0,PNR,SCMP_KV_UNDEF
_newselect,142,SCMP_KV_3_0,PNR,SCMP_KV_UNDEF,PNR,SCMP_KV_UNDEF,142,SCMP_KV_3_0,PNR,SCMP_KV_UNDEF,PNR,SCMP_KV_UNDEF,142,SCMP_KV_3_0,142,SCMP_KV_3_0,22,SCMP_KV_3_0,22,SCMP_KV_3_0,142,SCMP_KV_3_0,142,SCMP_KV_3_0,142,SCMP_KV_3_0,142,SCMP_KV_3_0,PNR,SCMP_KV_UNDEF,142,SCMP_KV_UNDEF,PNR,SCMP_KV_UNDEF,142,SCMP_KV_3_0
nfsservctl,169,SCMP_KV_UNDEF,180,SCMP_KV_UNDEF,PNR,SCMP_KV_UNDEF,169,SCMP_KV_UNDEF,42,SCMP_KV_UNDEF,42,SCMP_KV_UNDEF,169,SCMP_KV_UNDEF,189,SCMP_KV_UNDEF,173,SCMP_KV_UNDEF,173,SCMP_KV_UNDEF,PNR,SCMP_KV_UNDEF,PNR,SCMP_KV_UNDEF,168,SCMP_KV_UNDEF,168,SCMP_KV_UNDEF,42,SCMP_KV_UNDEF,169,SCMP_KV_UNDEF,169,SCMP_KV_UNDEF,169,SCMP_KV_UNDEF
nice,34,SCMP_KV_3_0,PNR,SCMP_KV_UNDEF,PNR,SCMP_KV_UNDEF,34,SCMP_KV_3_0,PNR,SCMP_KV_UNDEF,PNR,SCMP_KV_UNDEF,34,SCMP_KV_3_0,34,SCMP_KV_3_0,PNR,SCMP_KV_UNDEF,PNR,SCMP_KV_UNDEF,34,SCMP_KV_3_0,34,SCMP_KV_3_0,34,SCMP_KV_3_0,34,SCMP_KV_3_0,PNR,SCMP_KV_UNDEF,34,SCMP_KV_UNDEF,34,SCMP_KV_3_0,34,SCMP_KV_3_0
oldfstat,28,SCMP_KV_3_0,PNR,SCMP_KV_UNDEF,PNR,SCMP_KV_UNDEF,PNR,SCMP_KV_UNDEF,PNR,SCMP_KV_UNDEF,PNR,SCMP_KV_UNDEF,28,SCMP_KV_3_0,PNR,SCMP_KV_UNDEF,PNR,SCMP_KV_UNDEF,PNR,SCMP_KV_UNDEF,PNR,SCMP_KV_UNDEF,PNR,SCMP_KV_UNDEF,28,SCMP_KV_3_0,28,SCMP_KV_3_0,PNR,SCMP_KV_UNDEF,PNR,SCMP_KV_UNDEF,PNR,SCMP_KV_UNDEF,28,SCMP_KV_3_0
oldlstat,84,SCMP_KV_3_0,PNR,SCMP_KV_UNDEF,PNR,SCMP_KV_UNDEF,PNR,SCMP_KV_UNDEF,PNR,SCMP_KV_UNDEF,PNR,SCMP_KV_UNDEF,84,SCMP_KV_3_0,PNR,SCMP_KV_UNDEF,PNR,SCMP_KV_UNDEF,PNR,SCMP_KV_UNDEF,PNR,SCMP_KV_UNDEF,PNR,SCMP_KV_UNDEF,84,SCMP_KV_3_0,84,SCMP_KV_3_0,PNR,SCMP_KV_UNDEF,PNR,SCMP_KV_UNDEF,PNR,SCMP_KV_UNDEF,84,SCMP_KV_3_0
oldolduname,59,SCMP_KV_3_0,PNR,SCMP_KV_UNDEF,PNR,SCMP_KV_UNDEF,PNR,SCMP_KV_UNDEF,PNR,SCMP_KV_UNDEF,PNR,SCMP_KV_UNDEF,PNR,SCMP_KV_UNDEF,PNR,SCMP_KV_UNDEF,PNR,SCMP_KV_UNDEF,PNR,SCMP_KV_UNDEF,PNR,SCMP_KV_UNDEF,PNR,SCMP_KV_UNDEF,59,SCMP_KV_3_0,59,SCMP_KV_3_0,PNR,SCMP_KV_UNDEF,PNR,SCMP_KV_UNDEF,PNR,SCMP_KV_UNDEF,PNR,SCMP_KV_UNDEF
oldstat,18,SCMP_KV_3_0,PNR,SCMP_KV_UNDEF,PNR,SCMP_KV_UNDEF,PNR,SCMP_KV_UNDEF,PNR,SCMP_KV_UNDEF,PNR,SCMP_KV_UNDEF,18,SCMP_KV_3_0,PNR,SCMP_KV_UNDEF,PNR,SCMP_KV_UNDEF,PNR,SCMP_KV_UNDEF,PNR,SCMP_KV_UNDEF,PNR,SCMP_KV_UNDEF,18,SCMP_KV_3_0,18,SCMP_KV_3_0,PNR,SCMP_KV_UNDEF,PNR,SCMP_KV_UNDEF,PNR,SCMP_KV_UNDEF,18,SCMP_KV_3_0
olduname,109,SCMP_KV_3_0,PNR,SCMP_KV_UNDEF,PNR,SCMP_KV_UNDEF,PNR,SCMP_KV_UNDEF,PNR,SCMP_KV_UNDEF,PNR,SCMP_KV_UNDEF,PNR,SCMP_KV_UNDEF,PNR,SCMP_KV_UNDEF,PNR,SCMP_KV_UNDEF,PNR,SCMP_KV_UNDEF,PNR,SCMP_KV_UNDEF,PNR,SCMP_KV_UNDEF,109,SCMP_KV_3_0,109,SCMP_KV_3_0,PNR,SCMP_KV_UNDEF,PNR,SCMP_KV_UNDEF,PNR,SCMP_KV_UNDEF,109,SCMP_KV_3_0
open,5,SCMP_KV_3_0,2,SCMP_KV_3_0,2,SCMP_KV_3_4,5,SCMP_KV_3_0,PNR,SCMP_KV_UNDEF,PNR,SCMP_KV_UNDEF,5,SCMP_KV_3_0,5,SCMP_KV_3_0,2,SCMP_KV_3_0,2,SCMP_KV_3_0,5,SCMP_KV_3_0,5,SCMP_KV_3_0,5,SCMP_KV_3_0,5,SCMP_KV_3_0,PNR,SCMP_KV_UNDEF,5,SCMP_KV_UNDEF,5,SCMP_KV_3_0,5,SCMP_KV_3_0
openat,295,SCMP_KV_3_0,257,SCMP_KV_3_0,257,SCMP_KV_3_4,322,SCMP_KV_3_0,56,SCMP_KV_3_7,56,SCMP_KV_5_19,288,SCMP_KV_3_0,288,SCMP_KV_3_0,247,SCMP_KV_3_0,251,SCMP_KV_3_0,275,SCMP_KV_3_0,275,SCMP_KV_3_0,286,SCMP_KV_3_0,286,SCMP_KV_3_0,56,SCMP_KV_4_15,288,SCMP_KV_UNDEF,288,SCMP_KV_3_0,295,SCMP_KV_3_0
openat2,437,SCMP_KV_5_6,437,SCMP_KV_5_6,437,SCMP_KV_5_6,437,SCMP_KV_5_6,437,SCMP_KV_5_6,437,SCMP_KV_5_19,437,SCMP_KV_5_6,437,SCMP_KV_5_6,437,SCMP_KV_5_6,437,SCMP_KV_5_6,437,SCMP_KV_5_6,437,SCMP_KV_5_6,437,SCMP_KV_5_6,437,SCMP_KV_5_6,437,SCMP_KV_5_6,437,SCMP_KV_UNDEF,437,SCMP_KV_5_6,437,SCMP_KV_5_6
open_by_handle_at,342,SCMP_KV_3_0,304,SCMP_KV_3_0,304,SCMP_KV_3_4,371,SCMP_KV_3_0,265,SCMP_KV_3_7,265,SCMP_KV_5_19,341,SCMP_KV_3_0,340,SCMP_KV_3_0,299,SCMP_KV_3_0,304,SCMP_KV_3_0,326,SCMP_KV_3_0,326,SCMP_KV_3_0,346,SCMP_KV_3_0,346,SCMP_KV_3_0,265,SCMP_KV_4_15,336,SCMP_KV_UNDEF,336,SCMP_KV_3_0,360,SCMP_KV_3_0
open_tree,428,SCMP_KV_5_2,428,SCMP_KV_5_2,428,SCMP_KV_5_2,428,SCMP_KV_5_2,428,SCMP_KV_5_2,428,SCMP_KV_5_19,428,SCMP_KV_5_2,428,SCMP_KV_5_2,428,SCMP_KV_5_2,428,SCMP_KV_5_2,428,SCMP_KV_5_2,428,SCMP_KV_5_2,428,SCMP_KV_5_2,428,SCMP_KV_5_2,428,SCMP_KV_5_2,428,SCMP_KV_UNDEF,428,SCMP_KV_5_2,428,SCMP_KV_5_2
open_tree_attr,467,SCMP_KV_6_15,467,SCMP_KV_6_15,467,SCMP_KV_6_15,467,SCMP_KV_6_15,467,SCMP_KV_6_15,467,SCMP_KV_6_15,467,SCMP_KV_6_15,467,SCMP_KV_6_15,467,SCMP_KV_6_15,467,SCMP_KV_6_15,467,SCMP_KV_6_15,467,SCMP_KV_6_15,467,SCMP_KV_6_15,467,SCMP_KV_6_15,467,SCMP_KV_6_15,467,SCMP_KV_UNDEF,467,SCMP_KV_6_15,467,SCMP_KV_6_15
pause,29,SCMP_KV_3_0,34,SCMP_KV_3_0,34,SCMP_KV_3_4,29,SCMP_KV_3_0,PNR,SCMP_KV_UNDEF,PNR,SCMP_KV_UNDEF,29,SCMP_KV_3_0,29,SCMP_KV_3_0,33,SCMP_KV_3_0,33,SCMP_KV_3_0,29,SCMP_KV_3_0,29,SCMP_KV_3_0,29,SCMP_KV_3_0,29,SCMP_KV_3_0,PNR,SCMP_KV_UNDEF,29,SCMP_KV_UNDEF,29,SCMP_KV_3_0,29,SCMP_KV_3_0
pciconfig_iobase,PNR,SCMP_KV_UNDEF,PNR,SCMP_KV_UNDEF,PNR,SCMP_KV_UNDEF,271,SCMP_KV_3_0,PNR,SCMP_KV_UNDEF,PNR,SCMP_KV_UNDEF,PNR,SCMP_KV_UNDEF,PNR,SCMP_KV_UNDEF,PNR,SCMP_KV_UNDEF,PNR,SCMP_KV_UNDEF,PNR,SCMP_KV_UNDEF,PNR,SCMP_KV_UNDEF,200,SCMP_KV_3_0,200,SCMP_KV_3_0,PNR,SCMP_KV_UNDEF,PNR,SCMP_KV_UNDEF,PNR,SCMP_KV_UNDEF,PNR,SCMP_KV_UNDEF
pciconfig_read,PNR,SCMP_KV_UNDEF,PNR,SCMP_KV_UNDEF,PNR,SCMP_KV_UNDEF,272,SCMP_KV_3_0,PNR,SCMP_KV_UNDEF,PNR,SCMP_KV_UNDEF,PNR,SCMP_KV_UNDEF,PNR,SCMP_KV_UNDEF,PNR,SCMP_KV_UNDEF,PNR,SCMP_KV_UNDEF,PNR,SCMP_KV_UNDEF,PNR,SCMP_KV_UNDEF,198,SCMP_KV_3_0,198,SCMP_KV_3_0,PNR,SCMP_KV_UNDEF,PNR,SCMP_KV_UNDEF,PNR,SCMP_KV_UNDEF,PNR,SCMP_KV_UNDEF
pciconfig_write,PNR,SCMP_KV_UNDEF,PNR,SCMP_KV_UNDEF,PNR,SCMP_KV_UNDEF,273,SCMP_KV_3_0,PNR,SCMP_KV_UNDEF,PNR,SCMP_KV_UNDEF,PNR,SCMP_KV_UNDEF,PNR,SCMP_KV_UNDEF,PNR,SCMP_KV_UNDEF,PNR,SCMP_KV_UNDEF,PNR,SCMP_KV_UNDEF,PNR,SCMP_KV_UNDEF,199,SCMP_KV_3_0,199,SCMP_KV_3_0,PNR,SCMP_KV_UNDEF,PNR,SCMP_KV_UNDEF,PNR,SCMP_KV_UNDEF,PNR,SCMP_KV_UNDEF
perf_event_open,336,SCMP_KV_3_0,298,SCMP_KV_3_0,298,SCMP_KV_3_4,364,SCMP_KV_3_0,241,SCMP_KV_3_7,241,SCMP_KV_5_19,332,SCMP_KV_3_0,333,SCMP_KV_3_0,292,SCMP_KV_3_0,296,SCMP_KV_3_0,318,SCMP_KV_3_0,318,SCMP_KV_3_0,319,SCMP_KV_3_0,319,SCMP_KV_3_0,241,SCMP_KV_4_15,331,SCMP_KV_UNDEF,331,SCMP_KV_3_0,336,SCMP_KV_3_0
personality,136,SCMP_KV_3_0,135,SCMP_KV_3_0,135,SCMP_KV_3_4,136,SCMP_KV_3_0,92,SCMP_KV_3_7,92,SCMP_KV_5_19,136,SCMP_KV_3_0,136,SCMP_KV_3_0,132,SCMP_KV_3_0,132,SCMP_KV_3_0,136,SCMP_KV_3_0,136,SCMP_KV_3_0,136,SCMP_KV_3_0,136,SCMP_KV_3_0,92,SCMP_KV_4_15,136,SCMP_KV_UNDEF,136,SCMP_KV_3_0,136,SCMP_KV_3_0
pidfd_getfd,438,SCMP_KV_5_6,438,SCMP_KV_5_6,438,SCMP_KV_5_6,438,SCMP_KV_5_6,438,SCMP_KV_5_6,438,SCMP_KV_5_19,438,SCMP_KV_5_6,438,SCMP_KV_5_6,438,SCMP_KV_5_6,438,SCMP_KV_5_6,438,SCMP_KV_5_6,438,SCMP_KV_5_6,438,SCMP_KV_5_6,438,SCMP_KV_5_6,438,SCMP_KV_5_6,438,SCMP_KV_UNDEF,438,SCMP_KV_5_6,438,SCMP_KV_5_6
pidfd_open,434,SCMP_KV_5_3,434,SCMP_KV_5_3,434,SCMP_KV_5_3,434,SCMP_KV_5_3,434,SCMP_KV_5_3,434,SCMP_KV_5_19,434,SCMP_KV_5_3,434,SCMP_KV_5_3,434,SCMP_KV_5_3,434,SCMP_KV_5_3,434,SCMP_KV_5_3,434,SCMP_KV_5_3,434,SCMP_KV_5_3,434,SCMP_KV_5_3,434,SCMP_KV_5_3,434,SCMP_KV_UNDEF,434,SCMP_KV_5_3,434,SCMP_KV_5_3
pidfd_send_signal,424,SCMP_KV_5_1,424,SCMP_KV_5_1,424,SCMP_KV_5_1,424,SCMP_KV_5_1,424,SCMP_KV_5_1,424,SCMP_KV_5_19,424,SCMP_KV_5_1,424,SCMP_KV_5_1,424,SCMP_KV_5_1,424,SCMP_KV_5_1,424,SCMP_KV_5_1,424,SCMP_KV_5_1,424,SCMP_KV_5_1,424,SCMP_KV_5_1,424,SCMP_KV_5_1,424,SCMP_KV_UNDEF,424,SCMP_KV_5_1,424,SCMP_KV_5_1
pipe,42,SCMP_KV_3_0,22,SCMP_KV_3_0,22,SCMP_KV_3_4,42,SCMP_KV_3_0,PNR,SCMP_KV_UNDEF,PNR,SCMP_KV_UNDEF,42,SCMP_KV_3_0,42,SCMP_KV_3_0,21,SCMP_KV_3_0,21,SCMP_KV_3_0,42,SCMP_KV_3_0,42,SCMP_KV_3_0,42,SCMP_KV_3_0,42,SCMP_KV_3_0,PNR,SCMP_KV_UNDEF,42,SCMP_KV_UNDEF,42,SCMP_KV_3_0,42,SCMP_KV_3_0
pipe2,331,SCMP_KV_3_0,293,SCMP_KV_3_0,293,SCMP_KV_3_4,359,SCMP_KV_3_0,59,SCMP_KV_3_7,59,SCMP_KV_5_19,327,SCMP_KV_3_0,328,SCMP_KV_3_0,287,SCMP_KV_3_0,291,SCMP_KV_3_0,313,SCMP_KV_3_0,313,SCMP_KV_3_0,317,SCMP_KV_3_0,317,SCMP_KV_3_0,59,SCMP_KV_4_15,325,SCMP_KV_UNDEF,325,SCMP_KV_3_0,331,SCMP_KV_3_0
pivot_root,217,SCMP_KV_3_0,155,SCMP_KV_3_0,155,SCMP_KV_3_4,218,SCMP_KV_3_0,41,SCMP_KV_3_7,41,SCMP_KV_5_19,217,SCMP_KV_3_0,216,SCMP_KV_3_0,151,SCMP_KV_3_0,151,SCMP_KV_3_0,67,SCMP_KV_3_0,67,SCMP_KV_3_0,203,SCMP_KV_3_0,203,SCMP_KV_3_0,41,SCMP_KV_4_15,217,SCMP_KV_UNDEF,217,SCMP_KV_3_0,217,SCMP_KV_3_0
pkey_alloc,381,SCMP_KV_4_9,330,SCMP_KV_4_9,330,SCMP_KV_4_9,395,SCMP_KV_4_9,289,SCMP_KV_4_9,289,SCMP_KV_5_19,382,SCMP_KV_5_1,364,SCMP_KV_4_9,324,SCMP_KV_4_9,328,SCMP_KV_4_9,352,SCMP_KV_5_1,352,SCMP_KV_5_1,384,SCMP_KV_4_16,384,SCMP_KV_4_16,289,SCMP_KV_4_15,385,SCMP_KV_UNDEF,385,SCMP_KV_5_1,385,SCMP_KV_5_1
pkey_free,382,SCMP_KV_4_9,331,SCMP_KV_4_9,331,SCMP_KV_4_9,396,SCMP_KV_4_9,290,SCMP_KV_4_9,290,SCMP_KV_5_19,383,SCMP_KV_5_1,365,SCMP_KV_4_9,325,SCMP_KV_4_9,329,SCMP_KV_4_9,353,SCMP_KV_5_1,353,SCMP_KV_5_1,385,SCMP_KV_4_16,385,SCMP_KV_4_16,290,SCMP_KV_4_15,386,SCMP_KV_UNDEF,386,SCMP_KV_5_1,386,SCMP_KV_5_1
pkey_mprotect,380,SCMP_KV_4_9,329,SCMP_KV_4_9,329,SCMP_KV_4_9,394,SCMP_KV_4_9,288,SCMP_KV_4_9,288,SCMP_KV_5_19,381,SCMP_KV_5_1,363,SCMP_KV_4_9,323,SCMP_KV_4_9,327,SCMP_KV_4_9,351,SCMP_KV_5_1,351,SCMP_KV_5_1,386,SCMP_KV_4_16,386,SCMP_KV_4_16,288,SCMP_KV_4_15,384,SCMP_KV_UNDEF,384,SCMP_KV_5_1,384,SCMP_KV_5_1
poll,168,SCMP_KV_3_0,7,SCMP_KV_3_0,7,SCMP_KV_3_4,168,SCMP_KV_3_0,PNR,SCMP_KV_UNDEF,PNR,SCMP_KV_UNDEF,168,SCMP_KV_3_0,188,SCMP_KV_3_0,7,SCMP_KV_3_0,7,SCMP_KV_3_0,168,SCMP_KV_3_0,168,SCMP_KV_3_0,167,SCMP_KV_3_0,167,SCMP_KV_3_0,PNR,SCMP_KV_UNDEF,168,SCMP_KV_UNDEF,168,SCMP_KV_3_0,168,SCMP_KV_3_0
ppoll,309,SCMP_KV_3_0,271,SCMP_KV_3_0,271,SCMP_KV_3_4,336,SCMP_KV_3_0,73,SCMP_KV_3_7,73,SCMP_KV_5_19,302,SCMP_KV_3_0,302,SCMP_KV_3_0,261,SCMP_KV_3_0,265,SCMP_KV_3_0,274,SCMP_KV_3_0,274,SCMP_KV_3_0,281,SCMP_KV_3_0,281,SCMP_KV_3_0,73,SCMP_KV_4_15,302,SCMP_KV_UNDEF,302,SCMP_KV_3_0,309,SCMP_KV_3_0
ppoll_time64,414,SCMP_KV_5_1,PNR,SCMP_KV_UNDEF,PNR,SCMP_KV_UNDEF,414,SCMP_KV_5_1,PNR,SCMP_KV_UNDEF,PNR,SCMP_KV_UNDEF,414,SCMP_KV_5_1,414,SCMP_KV_5_1,PNR,SCMP_KV_UNDEF,414,SCMP_KV_5_1,414,SCMP_KV_5_1,PNR,SCMP_KV_UNDEF,414,SCMP_KV_5_1,PNR,SCMP_KV_UNDEF,PNR,SCMP_KV_UNDEF,414,SCMP_KV_UNDEF,PNR,SCMP_KV_UNDEF,414,SCMP_KV_5_1
prctl,172,SCMP_KV_3_0,157,SCMP_KV_3_0,157,SCMP_KV_3_4,172,SCMP_KV_3_0,167,SCMP_KV_3_7,167,SCMP_KV_5_19,172,SCMP_KV_3_0,192,SCMP_KV_3_0,153,SCMP_KV_3_0,153,SCMP_KV_3_0,172,SCMP_KV_3_0,172,SCMP_KV_3_0,171,SCMP_KV_3_0,171,SCMP_KV_3_0,167,SCMP_KV_4_15,172,SCMP_KV_UNDEF,172,SCMP_KV_3_0,172,SCMP_KV_3_0
pread64,180,SCMP_KV_3_0,17,SCMP_KV_3_0,17,SCMP_KV_3_4,180,SCMP_KV_3_0,67,SCMP_KV_3_7,67,SCMP_KV_5_19,180,SCMP_KV_3_0,200,SCMP_KV_3_0,16,SCMP_KV_3_0,16,SCMP_KV_3_0,108,SCMP_KV_3_0,108,SCMP_KV_3_0,179,SCMP_KV_3_0,179,SCMP_KV_3_0,67,SCMP_KV_4_15,180,SCMP_KV_UNDEF,180,SCMP_KV_3_0,180,SCMP_KV_3_0
preadv,333,SCMP_KV_3_0,295,SCMP_KV_3_0,534,SCMP_KV_3_4,361,SCMP_KV_3_0,69,SCMP_KV_3_7,69,SCMP_KV_5_19,329,SCMP_KV_3_0,330,SCMP_KV_3_0,289,SCMP_KV_3_0,293,SCMP_KV_3_0,315,SCMP_KV_3_0,315,SCMP_KV_3_0,320,SCMP_KV_3_0,320,SCMP_KV_3_0,69,SCMP_KV_4_15,328,SCMP_KV_UNDEF,328,SCMP_KV_3_0,333,SCMP_KV_3_0
preadv2,378,SCMP_KV_4_6,327,SCMP_KV_4_6,546,SCMP_KV_4_7,392,SCMP_KV_4_6,286,SCMP_KV_4_6,286,SCMP_KV_5_19,377,SCMP_KV_4_6,361,SCMP_KV_4_6,321,SCMP_KV_4_6,325,SCMP_KV_4_6,347,SCMP_KV_4_6,347,SCMP_KV_4_6,380,SCMP_KV_4_6,380,SCMP_KV_4_6,286,SCMP_KV_4_15,376,SCMP_KV_UNDEF,376,SCMP_KV_4_6,381,SCMP_KV_4_8
prlimit64,340,SCMP_KV_3_0,302,SCMP_KV_3_0,302,SCMP_KV_3_4,369,SCMP_KV_3_0,261,SCMP_KV_3_7,261,SCMP_KV_5_19,339,SCMP_KV_3_0,338,SCMP_KV_3_0,297,SCMP_KV_3_0,302,SCMP_KV_3_0,321,SCMP_KV_3_0,321,SCMP_KV_3_0,325,SCMP_KV_3_0,325,SCMP_KV_3_0,261,SCMP_KV_4_15,334,SCMP_KV_UNDEF,334,SCMP_KV_3_0,339,SCMP_KV_3_0
process_madvise,440,SCMP_KV_5_10,440,SCMP_KV_5_10,440,SCMP_KV_5_10,440,SCMP_KV_5_10,440,SCMP_KV_5_10,440,SCMP_KV_5_19,440,SCMP_KV_5_10,440,SCMP_KV_5_10,440,SCMP_KV_5_10,440,SCMP_KV_5_10,440,SCMP_KV_5_10,440,SCMP_KV_5_10,440,SCMP_KV_5_10,440,SCMP_KV_5_10,440,SCMP_KV_5_10,440,SCMP_KV_UNDEF,440,SCMP_KV_5_10,440,SCMP_KV_5_10
process_mrelease,448,SCMP_KV_5_15,448,SCMP_KV_5_15,448,SCMP_KV_5_15,448,SCMP_KV_5_15,448,SCMP_KV_5_15,448,SCMP_KV_5_19,448,SCMP_KV_5_15,448,SCMP_KV_5_15,448,SCMP_KV_5_15,448,SCMP_KV_5_15,448,SCMP_KV_5_15,448,SCMP_KV_5_15,448,SCMP_KV_5_15,448,SCMP_KV_5_15,448,SCMP_KV_5_15,448,SCMP_KV_UNDEF,448,SCMP_KV_5_15,448,SCMP_KV_5_15
process_vm_readv,347,SCMP_KV_3_2,310,SCMP_KV_3_2,539,SCMP_KV_3_4,376,SCMP_KV_3_2,270,SCMP_KV_3_7,270,SCMP_KV_5_19,345,SCMP_KV_3_2,345,SCMP_KV_3_2,304,SCMP_KV_3_2,309,SCMP_KV_3_2,330,SCMP_KV_3_9,330,SCMP_KV_3_9,351,SCMP_KV_3_2,351,SCMP_KV_3_2,270,SCMP_KV_4_15,340,SCMP_KV_UNDEF,340,SCMP_KV_3_2,365,SCMP_KV_3_2
process_vm_writev,348,SCMP_KV_3_2,311,SCMP_KV_3_2,540,SCMP_KV_3_4,377,SCMP_KV_3_2,271,SCMP_KV_3_7,271,SCMP_KV_5_19,346,SCMP_KV_3_2,346,SCMP_KV_3_2,305,SCMP_KV_3_2,310,SCMP_KV_3_2,331,SCMP_KV_3_9,331,SCMP_KV_3_9,352,SCMP_KV_3_2,352,SCMP_KV_3_2,271,SCMP_KV_4_15,341,SCMP_KV_UNDEF,341,SCMP_KV_3_2,366,SCMP_KV_3_2
prof,44,SCMP_KV_UNDEF,PNR,SCMP_KV_UNDEF,PNR,SCMP_KV_UNDEF,PNR,SCMP_KV_UNDEF,PNR,SCMP_KV_UNDEF,PNR,SCMP_KV_UNDEF,PNR,SCMP_KV_UNDEF,44,SCMP_KV_UNDEF,PNR,SCMP_KV_UNDEF,PNR,SCMP_KV_UNDEF,PNR,SCMP_KV_UNDEF,PNR,SCMP_KV_UNDEF,44,SCMP_KV_UNDEF,44,SCMP_KV_UNDEF,PNR,SCMP_KV_UNDEF,PNR,SCMP_KV_UNDEF,PNR,SCMP_KV_UNDEF,PNR,SCMP_KV_UNDEF
profil,98,SCMP_KV_UNDEF,PNR,SCMP_KV_UNDEF,PNR,SCMP_KV_UNDEF,PNR,SCMP_KV_UNDEF,PNR,SCMP_KV_UNDEF,PNR,SCMP_KV_UNDEF,PNR,SCMP_KV_UNDEF,98,SCMP_KV_UNDEF,PNR,SCMP_KV_UNDEF,PNR,SCMP_KV_UNDEF,PNR,SCMP_KV_UNDEF,PNR,SCMP_KV_UNDEF,98,SCMP_KV_UNDEF,98,SCMP_KV_UNDEF,PNR,SCMP_KV_UNDEF,PNR,SCMP_KV_UNDEF,PNR,SCMP_KV_UNDEF,PNR,SCMP_KV_UNDEF
pselect6,308,SCMP_KV_3_0,270,SCMP_KV_3_0,270,SCMP_KV_3_4,335,SCMP_KV_3_0,72,SCMP_KV_3_7,72,SCMP_KV_5_19,301,SCMP_KV_3_0,301,SCMP_KV_3_0,260,SCMP_KV_3_0,264,SCMP_KV_3_0,273,SCMP_KV_3_0,273,SCMP_KV_3_0,280,SCMP_KV_3_0,280,SCMP_KV_3_0,72,SCMP_KV_4_15,301,SCMP_KV_UNDEF,301,SCMP_KV_3_0,308,SCMP_KV_3_0
pselect6_time64,413,SCMP_KV_5_1,PNR,SCMP_KV_UNDEF,PNR,SCMP_KV_UNDEF,413,SCMP_KV_5_1,PNR,SCMP_KV_UNDEF,PNR,SCMP_KV_UNDEF,413,SCMP_KV_5_1,413,SCMP_KV_5_1,PNR,SCMP_KV_UNDEF,413,SCMP_KV_5_1,413,SCMP_KV_5_1,PNR,SCMP_KV_UNDEF,413,SCMP_KV_5_1,PNR,SCMP_KV_UNDEF,PNR,SCMP_KV_UNDEF,413,SCMP_KV_UNDEF,PNR,SCMP_KV_UNDEF,413,SCMP_KV_5_1
ptrace,26,SCMP_KV_3_0,101,SCMP_KV_3_0,521,SCMP_KV_3_4,26,SCMP_KV_3_0,117,SCMP_KV_3_7,117,SCMP_KV_5_19,26,SCMP_KV_3_0,26,SCMP_KV_3_0,99,SCMP_KV_3_0,99,SCMP_KV_3_0,26,SCMP_KV_3_0,26,SCMP_KV_3_0,26,SCMP_KV_3_0,26,SCMP_KV_3_0,117,SCMP_KV_4_15,26,SCMP_KV_UNDEF,26,SCMP_KV_3_0,26,SCMP_KV_3_0
putpmsg,189,SCMP_KV_UNDEF,182,SCMP_KV_UNDEF,182,SCMP_KV_UNDEF,PNR,SCMP_KV_UNDEF,PNR,SCMP_KV_UNDEF,PNR,SCMP_KV_UNDEF,189,SCMP_KV_UNDEF,209,SCMP_KV_UNDEF,175,SCMP_KV_UNDEF,175,SCMP_KV_UNDEF,PNR,SCMP_KV_UNDEF,PNR,SCMP_KV_UNDEF,188,SCMP_KV_UNDEF,188,SCMP_KV_UNDEF,PNR,SCMP_KV_UNDEF,189,SCMP_KV_UNDEF,189,SCMP_KV_UNDEF,PNR,SCMP_KV_UNDEF
pwrite64,181,SCMP_KV_3_0,18,SCMP_KV_3_0,18,SCMP_KV_3_4,181,SCMP_KV_3_0,68,SCMP_KV_3_7,68,SCMP_KV_5_19,181,SCMP_KV_3_0,201,SCMP_KV_3_0,17,SCMP_KV_3_0,17,SCMP_KV_3_0,109,SCMP_KV_3_0,109,SCMP_KV_3_0,180,SCMP_KV_3_0,180,SCMP_KV_3_0,68,SCMP_KV_4_15,181,SCMP_KV_UNDEF,181,SCMP_KV_3_0,181,SCMP_KV_3_0
pwritev,334,SCMP_KV_3_0,296,SCMP_KV_3_0,535,SCMP_KV_3_4,362,SCMP_KV_3_0,70,SCMP_KV_3_7,70,SCMP_KV_5_19,330,SCMP_KV_3_0,331,SCMP_KV_3_0,290,SCMP_KV_3_0,294,SCMP_KV_3_0,316,SCMP_KV_3_0,316,SCMP_KV_3_0,321,SCMP_KV_3_0,321,SCMP_KV_3_0,70,SCMP_KV_4_15,329,SCMP_KV_UNDEF,329,SCMP_KV_3_0,334,SCMP_KV_3_0
pwritev2,379,SCMP_KV_4_6,328,SCMP_KV_4_6,547,SCMP_KV_4_7,393,SCMP_KV_4_6,287,SCMP_KV_4_6,287,SCMP_KV_5_19,378,SCMP_KV_4_6,362,SCMP_KV_4_6,322,SCMP_KV_4_6,326,SCMP_KV_4_6,348,SCMP_KV_4_6,348,SCMP_KV_4_6,381,SCMP_KV_4_6,381,SCMP_KV_4_6,287,SCMP_KV_4_15,377,SCMP_KV_UNDEF,377,SCMP_KV_4_6,382,SCMP_KV_4_8
query_module,167,SCMP_KV_UNDEF,178,SCMP_KV_UNDEF,PNR,SCMP_KV_UNDEF,PNR,SCMP_KV_UNDEF,PNR,SCMP_KV_UNDEF,PNR,SCMP_KV_UNDEF,167,SCMP_KV_UNDEF,187,SCMP_KV_UNDEF,171,SCMP_KV_UNDEF,171,SCMP_KV_UNDEF,PNR,SCMP_KV_UNDEF,PNR,SCMP_KV_UNDEF,166,SCMP_KV_UNDEF,166,SCMP_KV_UNDEF,PNR,SCMP_KV_UNDEF,167,SCMP_KV_UNDEF,167,SCMP_KV_UNDEF,PNR,SCMP_KV_UNDEF
quotactl,131,SCMP_KV_3_0,179,SCMP_KV_3_0,179,SCMP_KV_3_4,131,SCMP_KV_3_0,60,SCMP_KV_3_7,60,SCMP_KV_5_19,131,SCMP_KV_3_0,131,SCMP_KV_3_0,172,SCMP_KV_3_0,172,SCMP_KV_3_0,131,SCMP_KV_3_0,131,SCMP_KV_3_0,131,SCMP_KV_3_0,131,SCMP_KV_3_0,60,SCMP_KV_4_15,131,SCMP_KV_UNDEF,131,SCMP_KV_3_0,131,SCMP_KV_3_0
quotactl_fd,443,SCMP_KV_5_14,443,SCMP_KV_5_14,443,SCMP_KV_5_14,443,SCMP_KV_5_14,443,SCMP_KV_5_14,443,SCMP_KV_5_19,443,SCMP_KV_5_14,443,SCMP_KV_5_14,443,SCMP_KV_5_14,443,SCMP_KV_5_14,443,SCMP_KV_5_14,443,SCMP_KV_5_14,443,SCMP_KV_5_14,443,SCMP_KV_5_14,443,SCMP_KV_5_14,443,SCMP_KV_UNDEF,443,SCMP_KV_5_14,443,SCMP_KV_5_14
read,3,SCMP_KV_3_0,0,SCMP_KV_3_0,0,SCMP_KV_3_4,3,SCMP_KV_3_0,63,SCMP_KV_3_7,63,SCMP_KV_5_19,3,SCMP_KV_3_0,3,SCMP_KV_3_0,0,SCMP_KV_3_0,0,SCMP_KV_3_0,3,SCMP_KV_3_0,3,SCMP_KV_3_0,3,SCMP_KV_3_0,3,SCMP_KV_3_0,63,SCMP_KV_4_15,3,SCMP_KV_UNDEF,3,SCMP_KV_3_0,3,SCMP_KV_3_0
readahead,225,SCMP_KV_3_0,187,SCMP_KV_3_0,187,SCMP_KV_3_4,225,SCMP_KV_3_0,213,SCMP_KV_3_7,213,SCMP_KV_5_19,240,SCMP_KV_3_0,223,SCMP_KV_3_0,179,SCMP_KV_3_0,179,SCMP_KV_3_0,207,SCMP_KV_3_0,207,SCMP_KV_3_0,191,SCMP_KV_3_0,191,SCMP_KV_3_0,213,SCMP_KV_4_15,222,SCMP_KV_UNDEF,222,SCMP_KV_3_0,225,SCMP_KV_3_0
readdir,89,SCMP_KV_3_0,PNR,SCMP_KV_UNDEF,PNR,SCMP_KV_UNDEF,PNR,SCMP_KV_UNDEF,PNR,SCMP_KV_UNDEF,PNR,SCMP_KV_UNDEF,89,SCMP_KV_3_0,89,SCMP_KV_3_0,PNR,SCMP_KV_UNDEF,PNR,SCMP_KV_UNDEF,PNR,SCMP_KV_UNDEF,PNR,SCMP_KV_UNDEF,89,SCMP_KV_3_0,89,SCMP_KV_3_0,PNR,SCMP_KV_UNDEF,89,SCMP_KV_UNDEF,89,SCMP_KV_3_0,89,SCMP_KV_3_0
readlink,85,SCMP_KV_3_0,89,SCMP_KV_3_0,89,SCMP_KV_3_4,85,SCMP_KV_3_0,PNR,SCMP_KV_UNDEF,PNR,SCMP_KV_UNDEF,85,SCMP_KV_3_0,85,SCMP_KV_3_0,87,SCMP_KV_3_0,87,SCMP_KV_3_0,85,SCMP_KV_3_0,85,SCMP_KV_3_0,85,SCMP_KV_3_0,85,SCMP_KV_3_0,PNR,SCMP_KV_UNDEF,85,SCMP_KV_UNDEF,85,SCMP_KV_3_0,85,SCMP_KV_3_0
readlinkat,305,SCMP_KV_3_0,267,SCMP_KV_3_0,267,SCMP_KV_3_4,332,SCMP_KV_3_0,78,SCMP_KV_3_7,78,SCMP_KV_5_19,298,SCMP_KV_3_0,298,SCMP_KV_3_0,257,SCMP_KV_3_0,261,SCMP_KV_3_0,285,SCMP_KV_3_0,285,SCMP_KV_3_0,296,SCMP_KV_3_0,296,SCMP_KV_3_0,78,SCMP_KV_4_15,298,SCMP_KV_UNDEF,298,SCMP_KV_3_0,305,SCMP_KV_3_0
readv,145,SCMP_KV_3_0,19,SCMP_KV_3_0,515,SCMP_KV_3_4,145,SCMP_KV_3_0,65,SCMP_KV_3_7,65,SCMP_KV_5_19,145,SCMP_KV_3_0,145,SCMP_KV_3_0,18,SCMP_KV_3_0,18,SCMP_KV_3_0,145,SCMP_KV_3_0,145,SCMP_KV_3_0,145,SCMP_KV_3_0,145,SCMP_KV_3_0,65,SCMP_KV_4_15,145,SCMP_KV_UNDEF,145,SCMP_KV_3_0,145,SCMP_KV_3_0
reboot,88,SCMP_KV_3_0,169,SCMP_KV_3_0,169,SCMP_KV_3_4,88,SCMP_KV_3_0,142,SCMP_KV_3_7,142,SCMP_KV_5_19,88,SCMP_KV_3_0,88,SCMP_KV_3_0,164,SCMP_KV_3_0,164,SCMP_KV_3_0,88,SCMP_KV_3_0,88,SCMP_KV_3_0,88,SCMP_KV_3_0,88,SCMP_KV_3_0,142,SCMP_KV_4_15,88,SCMP_KV_UNDEF,88,SCMP_KV_3_0,88,SCMP_KV_3_0
recv,PNR,SCMP_KV_UNDEF,PNR,SCMP_KV_UNDEF,PNR,SCMP_KV_UNDEF,291,SCMP_KV_3_0,PNR,SCMP_KV_UNDEF,PNR,SCMP_KV_UNDEF,PNR,SCMP_KV_UNDEF,175,SCMP_KV_3_0,PNR,SCMP_KV_UNDEF,PNR,SCMP_KV_UNDEF,98,SCMP_KV_3_0,98,SCMP_KV_3_0,336,SCMP_KV_3_0,336,SCMP_KV_3_0,PNR,SCMP_KV_UNDEF,PNR,SCMP_KV_UNDEF,PNR,SCMP_KV_UNDEF,350,SCMP_KV_3_0
recvfrom,371,SCMP_KV_4_3,45,SCMP_KV_3_0,517,SCMP_KV_3_4,292,SCMP_KV_3_0,207,SCMP_KV_3_7,207,SCMP_KV_5_19,368,SCMP_KV_4_3,176,SCMP_KV_3_0,44,SCMP_KV_3_0,44,SCMP_KV_3_0,123,SCMP_KV_3_0,123,SCMP_KV_3_0,337,SCMP_KV_3_0,337,SCMP_KV_3_0,207,SCMP_KV_4_15,371,SCMP_KV_UNDEF,371,SCMP_KV_4_3,351,SCMP_KV_3_0
recvmmsg,337,SCMP_KV_3_0,299,SCMP_KV_3_0,537,SCMP_KV_3_4,365,SCMP_KV_3_0,243,SCMP_KV_3_7,243,SCMP_KV_5_19,371,SCMP_KV_4_3,335,SCMP_KV_3_0,294,SCMP_KV_3_0,298,SCMP_KV_3_0,319,SCMP_KV_3_0,319,SCMP_KV_3_0,343,SCMP_KV_3_0,343,SCMP_KV_3_0,243,SCMP_KV_4_15,357,SCMP_KV_UNDEF,357,SCMP_KV_4_3,357,SCMP_KV_3_0
recvmmsg_time64,417,SCMP_KV_5_1,PNR,SCMP_KV_UNDEF,PNR,SCMP_KV_UNDEF,417,SCMP_KV_5_1,PNR,SCMP_KV_UNDEF,PNR,SCMP_KV_UNDEF,417,SCMP_KV_5_1,417,SCMP_KV_5_1,PNR,SCMP_KV_UNDEF,417,SCMP_KV_5_1,417,SCMP_KV_5_1,PNR,SCMP_KV_UNDEF,417,SCMP_KV_5_1,PNR,SCMP_KV_UNDEF,PNR,SCMP_KV_UNDEF,417,SCMP_KV_UNDEF,PNR,SCMP_KV_UNDEF,417,SCMP_KV_5_1
recvmsg,372,SCMP_KV_4_3,47,SCMP_KV_3_0,519,SCMP_KV_3_4,297,SCMP_KV_3_0,212,SCMP_KV_3_7,212,SCMP_KV_5_19,369,SCMP_KV_4_3,177,SCMP_KV_3_0,46,SCMP_KV_3_0,46,SCMP_KV_3_0,184,SCMP_KV_3_0,184,SCMP_KV_3_0,342,SCMP_KV_3_0,342,SCMP_KV_3_0,212,SCMP_KV_4_15,372,SCMP_KV_UNDEF,372,SCMP_KV_4_3,356,SCMP_KV_3_0
remap_file_pages,257,SCMP_KV_3_0,216,SCMP_KV_3_0,216,SCMP_KV_3_4,253,SCMP_KV_3_0,234,SCMP_KV_3_7,234,SCMP_KV_5_19,252,SCMP_KV_3_0,251,SCMP_KV_3_0,210,SCMP_KV_3_0,210,SCMP_KV_3_0,227,SCMP_KV_3_0,227,SCMP_KV_3_0,239,SCMP_KV_3_0,239,SCMP_KV_3_0,234,SCMP_KV_4_15,267,SCMP_KV_UNDEF,267,SCMP_KV_3_0,257,SCMP_KV_3_0
removexattr,235,SCMP_KV_3_0,197,SCMP_KV_3_0,197,SCMP_KV_3_4,235,SCMP_KV_3_0,14,SCMP_KV_3_7,14,SCMP_KV_5_19,232,SCMP_KV_3_0,233,SCMP_KV_3_0,189,SCMP_KV_3_0,189,SCMP_KV_3_0,247,SCMP_KV_3_0,247,SCMP_KV_3_0,218,SCMP_KV_3_0,218,SCMP_KV_3_0,14,SCMP_KV_4_15,233,SCMP_KV_UNDEF,233,SCMP_KV_3_0,235,SCMP_KV_3_0
removexattrat,466,SCMP_KV_6_13,466,SCMP_KV_6_13,466,SCMP_KV_6_13,466,SCMP_KV_6_13,466,SCMP_KV_6_13,466,SCMP_KV_6_13,466,SCMP_KV_6_13,466,SCMP_KV_6_13,466,SCMP_KV_6_13,466,SCMP_KV_6_13,466,SCMP_KV_6_13,466,SCMP_KV_6_13,466,SCMP_KV_6_13,466,SCMP_KV_6_13,466,SCMP_KV_6_13,466,SCMP_KV_UNDEF,466,SCMP_KV_6_13,466,SCMP_KV_6_13
rename,38,SCMP_KV_3_0,82,SCMP_KV_3_0,82,SCMP_KV_3_4,38,SCMP_KV_3_0,PNR,SCMP_KV_UNDEF,PNR,SCMP_KV_UNDEF,38,SCMP_KV_3_0,38,SCMP_KV_3_0,80,SCMP_KV_3_0,80,SCMP_KV_3_0,38,SCMP_KV_3_0,38,SCMP_KV_3_0,38,SCMP_KV_3_0,38,SCMP_KV_3_0,PNR,SCMP_KV_UNDEF,38,SCMP_KV_UNDEF,38,SCMP_KV_3_0,38,SCMP_KV_3_0
renameat,302,SCMP_KV_3_0,264,SCMP_KV_3_0,264,SCMP_KV_3_4,329,SCMP_KV_3_0,38,SCMP_KV_3_7,PNR,SCMP_KV_UNDEF,295,SCMP_KV_3_0,295,SCMP_KV_3_0,254,SCMP_KV_3_0,258,SCMP_KV_3_0,282,SCMP_KV_3_0,282,SCMP_KV_3_0,293,SCMP_KV_3_0,293,SCMP_KV_3_0,PNR,SCMP_KV_UNDEF,295,SCMP_KV_UNDEF,295,SCMP_KV_3_0,302,SCMP_KV_3_0
renameat2,353,SCMP_KV_3_15,316,SCMP_KV_3_15,316,SCMP_KV_3_15,382,SCMP_KV_3_15,276,SCMP_KV_3_15,276,SCMP_KV_5_19,351,SCMP_KV_3_15,351,SCMP_KV_3_15,311,SCMP_KV_3_15,315,SCMP_KV_3_15,337,SCMP_KV_3_15,337,SCMP_KV_3_15,357,SCMP_KV_3_15,357,SCMP_KV_3_15,276,SCMP_KV_4_15,347,SCMP_KV_UNDEF,347,SCMP_KV_3_15,371,SCMP_KV_4_8
request_key,287,SCMP_KV_3_0,249,SCMP_KV_3_0,249,SCMP_KV_3_4,310,SCMP_KV_3_0,218,SCMP_KV_3_7,218,SCMP_KV_5_19,280,SCMP_KV_3_0,281,SCMP_KV_3_0,240,SCMP_KV_3_0,244,SCMP_KV_3_0,265,SCMP_KV_3_0,265,SCMP_KV_3_0,270,SCMP_KV_3_0,270,SCMP_KV_3_0,218,SCMP_KV_4_15,279,SCMP_KV_UNDEF,279,SCMP_KV_3_0,286,SCMP_KV_3_0
restart_syscall,0,SCMP_KV_3_0,219,SCMP_KV_3_0,219,SCMP_KV_3_4,0,SCMP_KV_3_0,128,SCMP_KV_3_7,128,SCMP_KV_5_19,0,SCMP_KV_3_0,253,SCMP_KV_3_0,213,SCMP_KV_3_0,214,SCMP_KV_3_0,0,SCMP_KV_3_0,0,SCMP_KV_3_0,0,SCMP_KV_3_0,0,SCMP_KV_3_0,128,SCMP_KV_4_15,7,SCMP_KV_UNDEF,7,SCMP_KV_3_0,0,SCMP_KV_3_0
riscv_flush_icache,PNR,SCMP_KV_UNDEF,PNR,SCMP_KV_UNDEF,PNR,SCMP_KV_UNDEF,PNR,SCMP_KV_UNDEF,PNR,SCMP_KV_UNDEF,PNR,SCMP_KV_UNDEF,PNR,SCMP_KV_UNDEF,PNR,SCMP_KV_UNDEF,PNR,SCMP_KV_UNDEF,PNR,SCMP_KV_UNDEF,PNR,SCMP_KV_UNDEF,PNR,SCMP_KV_UNDEF,PNR,SCMP_KV_UNDEF,PNR,SCMP_KV_UNDEF,259,SCMP_KV_4_20,PNR,SCMP_KV_UNDEF,PNR,SCMP_KV_UNDEF,PNR,SCMP_KV_UNDEF
riscv_hwprobe,PNR,SCMP_KV_UNDEF,PNR,SCMP_KV_UNDEF,PNR,SCMP_KV_UNDEF,PNR,SCMP_KV_UNDEF,PNR,SCMP_KV_UNDEF,PNR,SCMP_KV_UNDEF,PNR,SCMP_KV_UNDEF,PNR,SCMP_KV_UNDEF,PNR,SCMP_KV_UNDEF,PNR,SCMP_KV_UNDEF,PNR,SCMP_KV_UNDEF,PNR,SCMP_KV_UNDEF,PNR,SCMP_KV_UNDEF,PNR,SCMP_KV_UNDEF,258,SCMP_KV_6_4,PNR,SCMP_KV_UNDEF,PNR,SCMP_KV_UNDEF,PNR,SCMP_KV_UNDEF
rmdir,40,SCMP_KV_3_0,84,SCMP_KV_3_0,84,SCMP_KV_3_4,40,SCMP_KV_3_0,PNR,SCMP_KV_UNDEF,PNR,SCMP_KV_UNDEF,40,SCMP_KV_3_0,40,SCMP_KV_3_0,82,SCMP_KV_3_0,82,SCMP_KV_3_0,40,SCMP_KV_3_0,40,SCMP_KV_3_0,40,SCMP_KV_3_0,40,SCMP_KV_3_0,PNR,SCMP_KV_UNDEF,40,SCMP_KV_UNDEF,40,SCMP_KV_3_0,40,SCMP_KV_3_0
rseq,386,SCMP_KV_4_18,334,SCMP_KV_4_18,334,SCMP_KV_4_18,398,SCMP_KV_4_18,293,SCMP_KV_4_19,293,SCMP_KV_5_19,384,SCMP_KV_5_1,367,SCMP_KV_4_18,327,SCMP_KV_4_18,331,SCMP_KV_4_18,354,SCMP_KV_5_1,354,SCMP_KV_5_1,387,SCMP_KV_4_18,387,SCMP_KV_4_18,293,SCMP_KV_4_19,383,SCMP_KV_UNDEF,383,SCMP_KV_4_18,387,SCMP_KV_5_1
rseq_slice_yield,471,SCMP_KV_7_0,471,SCMP_KV_7_0,471,SCMP_KV_7_0,471,SCMP_KV_7_0,471,SCMP_KV_7_0,471,SCMP_KV_7_0,471,SCMP_KV_7_0,471,SCMP_KV_7_0,471,SCMP_KV_7_0,471,SCMP_KV_7_0,471,SCMP_KV_7_0,471,SCMP_KV_7_0,471,SCMP_KV_7_0,471,SCMP_KV_7_0,471,SCMP_KV_7_0,PNR,SCMP_KV_UNDEF,471,SCMP_KV_7_0,471,SCMP_KV_7_0
rtas,PNR,SCMP_KV_UNDEF,PNR,SCMP_KV_UNDEF,PNR,SCMP_KV_UNDEF,PNR,SCMP_KV_UNDEF,PNR,SCMP_KV_UNDEF,PNR,SCMP_KV_UNDEF,PNR,SCMP_KV_UNDEF,PNR,SCMP_KV_UNDEF,PNR,SCMP_KV_UNDEF,PNR,SCMP_KV_UNDEF,PNR,SCMP_KV_UNDEF,PNR,SCMP_KV_UNDEF,255,SCMP_KV_3_0,255,SCMP_KV_3_0,PNR,SCMP_KV_UNDEF,PNR,SCMP_KV_UNDEF,PNR,SCMP_KV_UNDEF,PNR,SCMP_KV_UNDEF
rt_sigaction,174,SCMP_KV_3_0,13,SCMP_KV_3_0,512,SCMP_KV_3_4,174,SCMP_KV_3_0,134,SCMP_KV_3_7,134,SCMP_KV_5_19,174,SCMP_KV_3_0,194,SCMP_KV_3_0,13,SCMP_KV_3_0,13,SCMP_KV_3_0,174,SCMP_KV_3_0,174,SCMP_KV_3_0,173,SCMP_KV_3_0,173,SCMP_KV_3_0,134,SCMP_KV_4_15,174,SCMP_KV_UNDEF,174,SCMP_KV_3_0,174,SCMP_KV_3_0
rt_sigpending,176,SCMP_KV_3_0,127,SCMP_KV_3_0,522,SCMP_KV_3_4,176,SCMP_KV_3_0,136,SCMP_KV_3_7,136,SCMP_KV_5_19,176,SCMP_KV_3_0,196,SCMP_KV_3_0,125,SCMP_KV_3_0,125,SCMP_KV_3_0,176,SCMP_KV_3_0,176,SCMP_KV_3_0,175,SCMP_KV_3_0,175,SCMP_KV_3_0,136,SCMP_KV_4_15,176,SCMP_KV_UNDEF,176,SCMP_KV_3_0,176,SCMP_KV_3_0
rt_sigprocmask,175,SCMP_KV_3_0,14,SCMP_KV_3_0,14,SCMP_KV_3_4,175,SCMP_KV_3_0,135,SCMP_KV_3_7,135,SCMP_KV_5_19,175,SCMP_KV_3_0,195,SCMP_KV_3_0,14,SCMP_KV_3_0,14,SCMP_KV_3_0,175,SCMP_KV_3_0,175,SCMP_KV_3_0,174,SCMP_KV_3_0,174,SCMP_KV_3_0,135,SCMP_KV_4_15,175,SCMP_KV_UNDEF,175,SCMP_KV_3_0,175,SCMP_KV_3_0
rt_sigqueueinfo,178,SCMP_KV_3_0,129,SCMP_KV_3_0,524,SCMP_KV_3_4,178,SCMP_KV_3_0,138,SCMP_KV_3_7,138,SCMP_KV_5_19,178,SCMP_KV_3_0,198,SCMP_KV_3_0,127,SCMP_KV_3_0,127,SCMP_KV_3_0,178,SCMP_KV_3_0,178,SCMP_KV_3_0,177,SCMP_KV_3_0,177,SCMP_KV_3_0,138,SCMP_KV_4_15,178,SCMP_KV_UNDEF,178,SCMP_KV_3_0,178,SCMP_KV_3_0
rt_sigreturn,173,SCMP_KV_3_0,15,SCMP_KV_3_0,513,SCMP_KV_3_4,173,SCMP_KV_3_0,139,SCMP_KV_3_7,139,SCMP_KV_5_19,173,SCMP_KV_3_0,193,SCMP_KV_3_0,211,SCMP_KV_3_0,211,SCMP_KV_3_0,173,SCMP_KV_3_0,173,SCMP_KV_3_0,172,SCMP_KV_3_0,172,SCMP_KV_3_0,139,SCMP_KV_4_15,173,SCMP_KV_UNDEF,173,SCMP_KV_3_0,173,SCMP_KV_3_0
rt_sigsuspend,179,SCMP_KV_3_0,130,SCMP_KV_3_0,130,SCMP_KV_3_4,179,SCMP_KV_3_0,133,SCMP_KV_3_7,133,SCMP_KV_5_19,179,SCMP_KV_3_0,199,SCMP_KV_3_0,128,SCMP_KV_3_0,128,SCMP_KV_3_0,179,SCMP_KV_3_0,179,SCMP_KV_3_0,178,SCMP_KV_3_0,178,SCMP_KV_3_0,133,SCMP_KV_4_15,179,SCMP_KV_UNDEF,179,SCMP_KV_3_0,179,SCMP_KV_3_0
rt_sigtimedwait,177,SCMP_KV_3_0,128,SCMP_KV_3_0,523,SCMP_KV_3_4,177,SCMP_KV_3_0,137,SCMP_KV_3_7,137,SCMP_KV_5_19,177,SCMP_KV_3_0,197,SCMP_KV_3_0,126,SCMP_KV_3_0,126,SCMP_KV_3_0,177,SCMP_KV_3_0,177,SCMP_KV_3_0,176,SCMP_KV_3_0,176,SCMP_KV_3_0,137,SCMP_KV_4_15,177,SCMP_KV_UNDEF,177,SCMP_KV_3_0,177,SCMP_KV_3_0
rt_sigtimedwait_time64,421,SCMP_KV_5_1,PNR,SCMP_KV_UNDEF,PNR,SCMP_KV_UNDEF,421,SCMP_KV_5_1,PNR,SCMP_KV_UNDEF,PNR,SCMP_KV_UNDEF,421,SCMP_KV_5_1,421,SCMP_KV_5_1,PNR,SCMP_KV_UNDEF,421,SCMP_KV_5_1,421,SCMP_KV_5_1,PNR,SCMP_KV_UNDEF,421,SCMP_KV_5_1,PNR,SCMP_KV_UNDEF,PNR,SCMP_KV_UNDEF,421,SCMP_KV_UNDEF,PNR,SCMP_KV_UNDEF,421,SCMP_KV_5_1
rt_tgsigqueueinfo,335,SCMP_KV_3_0,297,SCMP_KV_3_0,536,SCMP_KV_3_4,363,SCMP_KV_3_0,240,SCMP_KV_3_7,240,SCMP_KV_5_19,331,SCMP_KV_3_0,332,SCMP_KV_3_0,291,SCMP_KV_3_0,295,SCMP_KV_3_0,317,SCMP_KV_3_0,317,SCMP_KV_3_0,322,SCMP_KV_3_0,322,SCMP_KV_3_0,240,SCMP_KV_4_15,330,SCMP_KV_UNDEF,330,SCMP_KV_3_0,335,SCMP_KV_3_0
s390_guarded_storage,PNR,SCMP_KV_UNDEF,PNR,SCMP_KV_UNDEF,PNR,SCMP_KV_UNDEF,PNR,SCMP_KV_UNDEF,PNR,SCMP_KV_UNDEF,PNR,SCMP_KV_UNDEF,PNR,SCMP_KV_UNDEF,PNR,SCMP_KV_UNDEF,PNR,SCMP_KV_UNDEF,PNR,SCMP_KV_UNDEF,PNR,SCMP_KV_UNDEF,PNR,SCMP_KV_UNDEF,PNR,SCMP_KV_UNDEF,PNR,SCMP_KV_UNDEF,PNR,SCMP_KV_UNDEF,378,SCMP_KV_UNDEF,378,SCMP_KV_4_12,PNR,SCMP_KV_UNDEF
s390_pci_mmio_read,PNR,SCMP_KV_UNDEF,PNR,SCMP_KV_UNDEF,PNR,SCMP_KV_UNDEF,PNR,SCMP_KV_UNDEF,PNR,SCMP_KV_UNDEF,PNR,SCMP_KV_UNDEF,PNR,SCMP_KV_UNDEF,PNR,SCMP_KV_UNDEF,PNR,SCMP_KV_UNDEF,PNR,SCMP_KV_UNDEF,PNR,SCMP_KV_UNDEF,PNR,SCMP_KV_UNDEF,PNR,SCMP_KV_UNDEF,PNR,SCMP_KV_UNDEF,PNR,SCMP_KV_UNDEF,353,SCMP_KV_UNDEF,353,SCMP_KV_3_19,PNR,SCMP_KV_UNDEF
s390_pci_mmio_write,PNR,SCMP_KV_UNDEF,PNR,SCMP_KV_UNDEF,PNR,SCMP_KV_UNDEF,PNR,SCMP_KV_UNDEF,PNR,SCMP_KV_UNDEF,PNR,SCMP_KV_UNDEF,PNR,SCMP_KV_UNDEF,PNR,SCMP_KV_UNDEF,PNR,SCMP_KV_UNDEF,PNR,SCMP_KV_UNDEF,PNR,SCMP_KV_UNDEF,PNR,SCMP_KV_UNDEF,PNR,SCMP_KV_UNDEF,PNR,SCMP_KV_UNDEF,PNR,SCMP_KV_UNDEF,352,SCMP_KV_UNDEF,352,SCMP_KV_3_19,PNR,SCMP_KV_UNDEF
s390_runtime_instr,PNR,SCMP_KV_UNDEF,PNR,SCMP_KV_UNDEF,PNR,SCMP_KV_UNDEF,PNR,SCMP_KV_UNDEF,PNR,SCMP_KV_UNDEF,PNR,SCMP_KV_UNDEF,PNR,SCMP_KV_UNDEF,PNR,SCMP_KV_UNDEF,PNR,SCMP_KV_UNDEF,PNR,SCMP_KV_UNDEF,PNR,SCMP_KV_UNDEF,PNR,SCMP_KV_UNDEF,PNR,SCMP_KV_UNDEF,PNR,SCMP_KV_UNDEF,PNR,SCMP_KV_UNDEF,342,SCMP_KV_UNDEF,342,SCMP_KV_3_7,PNR,SCMP_KV_UNDEF
s390_sthyi,PNR,SCMP_KV_UNDEF,PNR,SCMP_KV_UNDEF,PNR,SCMP_KV_UNDEF,PNR,SCMP_KV_UNDEF,PNR,SCMP_KV_UNDEF,PNR,SCMP_KV_UNDEF,PNR,SCMP_KV_UNDEF,PNR,SCMP_KV_UNDEF,PNR,SCMP_KV_UNDEF,PNR,SCMP_KV_UNDEF,PNR,SCMP_KV_UNDEF,PNR,SCMP_KV_UNDEF,PNR,SCMP_KV_UNDEF,PNR,SCMP_KV_UNDEF,PNR,SCMP_KV_UNDEF,380,SCMP_KV_UNDEF,380,SCMP_KV_4_15,PNR,SCMP_KV_UNDEF
sched_getaffinity,242,SCMP_KV_3_0,204,SCMP_KV_3_0,204,SCMP_KV_3_4,242,SCMP_KV_3_0,123,SCMP_KV_3_7,123,SCMP_KV_5_19,312,SCMP_KV_3_0,240,SCMP_KV_3_0,196,SCMP_KV_3_0,196,SCMP_KV_3_0,212,SCMP_KV_3_0,212,SCMP_KV_3_0,223,SCMP_KV_3_0,223,SCMP_KV_3_0,123,SCMP_KV_4_15,240,SCMP_KV_UNDEF,240,SCMP_KV_3_0,242,SCMP_KV_3_0
sched_getattr,352,SCMP_KV_3_14,315,SCMP_KV_3_14,315,SCMP_KV_3_14,381,SCMP_KV_3_14,275,SCMP_KV_3_14,275,SCMP_KV_5_19,350,SCMP_KV_3_14,350,SCMP_KV_3_14,310,SCMP_KV_3_14,314,SCMP_KV_3_14,335,SCMP_KV_3_14,335,SCMP_KV_3_14,356,SCMP_KV_3_14,356,SCMP_KV_3_14,275,SCMP_KV_4_15,346,SCMP_KV_UNDEF,346,SCMP_KV_3_14,369,SCMP_KV_4_8
sched_getparam,155,SCMP_KV_3_0,143,SCMP_KV_3_0,143,SCMP_KV_3_4,155,SCMP_KV_3_0,121,SCMP_KV_3_7,121,SCMP_KV_5_19,155,SCMP_KV_3_0,159,SCMP_KV_3_0,140,SCMP_KV_3_0,140,SCMP_KV_3_0,155,SCMP_KV_3_0,155,SCMP_KV_3_0,155,SCMP_KV_3_0,155,SCMP_KV_3_0,121,SCMP_KV_4_15,155,SCMP_KV_UNDEF,155,SCMP_KV_3_0,155,SCMP_KV_3_0
sched_get_priority_max,159,SCMP_KV_3_0,146,SCMP_KV_3_0,146,SCMP_KV_3_4,159,SCMP_KV_3_0,125,SCMP_KV_3_7,125,SCMP_KV_5_19,159,SCMP_KV_3_0,163,SCMP_KV_3_0,143,SCMP_KV_3_0,143,SCMP_KV_3_0,159,SCMP_KV_3_0,159,SCMP_KV_3_0,159,SCMP_KV_3_0,159,SCMP_KV_3_0,125,SCMP_KV_4_15,159,SCMP_KV_UNDEF,159,SCMP_KV_3_0,159,SCMP_KV_3_0
sched_get_priority_min,160,SCMP_KV_3_0,147,SCMP_KV_3_0,147,SCMP_KV_3_4,160,SCMP_KV_3_0,126,SCMP_KV_3_7,126,SCMP_KV_5_19,160,SCMP_KV_3_0,164,SCMP_KV_3_0,144,SCMP_KV_3_0,144,SCMP_KV_3_0,160,SCMP_KV_3_0,160,SCMP_KV_3_0,160,SCMP_KV_3_0,160,SCMP_KV_3_0,126,SCMP_KV_4_15,160,SCMP_KV_UNDEF,160,SCMP_KV_3_0,160,SCMP_KV_3_0
sched_getscheduler,157,SCMP_KV_3_0,145,SCMP_KV_3_0,145,SCMP_KV_3_4,157,SCMP_KV_3_0,120,SCMP_KV_3_7,120,SCMP_KV_5_19,157,SCMP_KV_3_0,161,SCMP_KV_3_0,142,SCMP_KV_3_0,142,SCMP_KV_3_0,157,SCMP_KV_3_0,157,SCMP_KV_3_0,157,SCMP_KV_3_0,157,SCMP_KV_3_0,120,SCMP_KV_4_15,157,SCMP_KV_UNDEF,157,SCMP_KV_3_0,157,SCMP_KV_3_0
sched_rr_get_interval,161,SCMP_KV_3_0,148,SCMP_KV_3_0,148,SCMP_KV_3_4,161,SCMP_KV_3_0,127,SCMP_KV_3_7,127,SCMP_KV_5_19,161,SCMP_KV_3_0,165,SCMP_KV_3_0,145,SCMP_KV_3_0,145,SCMP_KV_3_0,161,SCMP_KV_3_0,161,SCMP_KV_3_0,161,SCMP_KV_3_0,161,SCMP_KV_3_0,127,SCMP_KV_4_15,161,SCMP_KV_UNDEF,161,SCMP_KV_3_0,161,SCMP_KV_3_0
sched_rr_get_interval_time64,423,SCMP_KV_5_1,PNR,SCMP_KV_UNDEF,PNR,SCMP_KV_UNDEF,423,SCMP_KV_5_1,PNR,SCMP_KV_UNDEF,PNR,SCMP_KV_UNDEF,423,SCMP_KV_5_1,423,SCMP_KV_5_1,PNR,SCMP_KV_UNDEF,423,SCMP_KV_5_1,423,SCMP_KV_5_1,PNR,SCMP_KV_UNDEF,423,SCMP_KV_5_1,PNR,SCMP_KV_UNDEF,PNR,SCMP_KV_UNDEF,423,SCMP_KV_UNDEF,PNR,SCMP_KV_UNDEF,423,SCMP_KV_5_1
sched_setaffinity,241,SCMP_KV_3_0,203,SCMP_KV_3_0,203,SCMP_KV_3_4,241,SCMP_KV_3_0,122,SCMP_KV_3_7,122,SCMP_KV_5_19,311,SCMP_KV_3_0,239,SCMP_KV_3_0,195,SCMP_KV_3_0,195,SCMP_KV_3_0,211,SCMP_KV_3_0,211,SCMP_KV_3_0,222,SCMP_KV_3_0,222,SCMP_KV_3_0,122,SCMP_KV_4_15,239,SCMP_KV_UNDEF,239,SCMP_KV_3_0,241,SCMP_KV_3_0
sched_setattr,351,SCMP_KV_3_14,314,SCMP_KV_3_14,314,SCMP_KV_3_14,380,SCMP_KV_3_14,274,SCMP_KV_3_14,274,SCMP_KV_5_19,349,SCMP_KV_3_14,349,SCMP_KV_3_14,309,SCMP_KV_3_14,313,SCMP_KV_3_14,334,SCMP_KV_3_14,334,SCMP_KV_3_14,355,SCMP_KV_3_14,355,SCMP_KV_3_14,274,SCMP_KV_4_15,345,SCMP_KV_UNDEF,345,SCMP_KV_3_14,370,SCMP_KV_4_8
sched_setparam,154,SCMP_KV_3_0,142,SCMP_KV_3_0,142,SCMP_KV_3_4,154,SCMP_KV_3_0,118,SCMP_KV_3_7,118,SCMP_KV_5_19,154,SCMP_KV_3_0,158,SCMP_KV_3_0,139,SCMP_KV_3_0,139,SCMP_KV_3_0,154,SCMP_KV_3_0,154,SCMP_KV_3_0,154,SCMP_KV_3_0,154,SCMP_KV_3_0,118,SCMP_KV_4_15,154,SCMP_KV_UNDEF,154,SCMP_KV_3_0,154,SCMP_KV_3_0
sched_setscheduler,156,SCMP_KV_3_0,144,SCMP_KV_3_0,144,SCMP_KV_3_4,156,SCMP_KV_3_0,119,SCMP_KV_3_7,119,SCMP_KV_5_19,156,SCMP_KV_3_0,160,SCMP_KV_3_0,141,SCMP_KV_3_0,141,SCMP_KV_3_0,156,SCMP_KV_3_0,156,SCMP_KV_3_0,156,SCMP_KV_3_0,156,SCMP_KV_3_0,119,SCMP_KV_4_15,156,SCMP_KV_UNDEF,156,SCMP_KV_3_0,156,SCMP_KV_3_0
sched_yield,158,SCMP_KV_3_0,24,SCMP_KV_3_0,24,SCMP_KV_3_4,158,SCMP_KV_3_0,124,SCMP_KV_3_7,124,SCMP_KV_5_19,158,SCMP_KV_3_0,162,SCMP_KV_3_0,23,SCMP_KV_3_0,23,SCMP_KV_3_0,158,SCMP_KV_3_0,158,SCMP_KV_3_0,158,SCMP_KV_3_0,158,SCMP_KV_3_0,124,SCMP_KV_4_15,158,SCMP_KV_UNDEF,158,SCMP_KV_3_0,158,SCMP_KV_3_0
seccomp,354,SCMP_KV_3_17,317,SCMP_KV_3_17,317,SCMP_KV_3_17,383,SCMP_KV_3_17,277,SCMP_KV_3_17,277,SCMP_KV_5_19,380,SCMP_KV_5_1,352,SCMP_KV_3_17,312,SCMP_KV_3_17,316,SCMP_KV_3_17,338,SCMP_KV_3_17,338,SCMP_KV_3_17,358,SCMP_KV_3_17,358,SCMP_KV_3_17,277,SCMP_KV_4_15,348,SCMP_KV_UNDEF,348,SCMP_KV_3_17,372,SCMP_KV_4_8
security,PNR,SCMP_KV_UNDEF,185,SCMP_KV_UNDEF,185,SCMP_KV_UNDEF,PNR,SCMP_KV_UNDEF,PNR,SCMP_KV_UNDEF,PNR,SCMP_KV_UNDEF,PNR,SCMP_KV_UNDEF,PNR,SCMP_KV_UNDEF,PNR,SCMP_KV_UNDEF,PNR,SCMP_KV_UNDEF,PNR,SCMP_KV_UNDEF,PNR,SCMP_KV_UNDEF,PNR,SCMP_KV_UNDEF,PNR,SCMP_KV_UNDEF,PNR,SCMP_KV_UNDEF,PNR,SCMP_KV_UNDEF,PNR,SCMP_KV_UNDEF,PNR,SCMP_KV_UNDEF
select,82,SCMP_KV_3_0,23,SCMP_KV_3_0,23,SCMP_KV_3_4,PNR,SCMP_KV_UNDEF,PNR,SCMP_KV_UNDEF,PNR,SCMP_KV_UNDEF,82,SCMP_KV_3_0,PNR,SCMP_KV_UNDEF,PNR,SCMP_KV_UNDEF,PNR,SCMP_KV_UNDEF,PNR,SCMP_KV_UNDEF,PNR,SCMP_KV_UNDEF,82,SCMP_KV_3_0,82,SCMP_KV_3_0,PNR,SCMP_KV_UNDEF,PNR,SCMP_KV_UNDEF,142,SCMP_KV_3_0,PNR,SCMP_KV_UNDEF
semctl,394,SCMP_KV_5_1,66,SCMP_KV_3_0,66,SCMP_KV_3_4,300,SCMP_KV_3_0,191,SCMP_KV_3_7,191,SCMP_KV_5_19,394,SCMP_KV_5_1,394,SCMP_KV_5_1,64,SCMP_KV_3_0,64,SCMP_KV_3_0,187,SCMP_KV_3_0,187,SCMP_KV_3_0,394,SCMP_KV_5_1,394,SCMP_KV_5_1,191,SCMP_KV_4_15,394,SCMP_KV_UNDEF,394,SCMP_KV_5_1,394,SCMP_KV_5_1
semget,393,SCMP_KV_5_1,64,SCMP_KV_3_0,64,SCMP_KV_3_4,299,SCMP_KV_3_0,190,SCMP_KV_3_7,190,SCMP_KV_5_19,393,SCMP_KV_5_1,393,SCMP_KV_5_1,62,SCMP_KV_3_0,62,SCMP_KV_3_0,186,SCMP_KV_3_0,186,SCMP_KV_3_0,393,SCMP_KV_5_1,393,SCMP_KV_5_1,190,SCMP_KV_4_15,393,SCMP_KV_UNDEF,393,SCMP_KV_5_1,393,SCMP_KV_5_1
semop,PNR,SCMP_KV_UNDEF,65,SCMP_KV_3_0,65,SCMP_KV_3_4,298,SCMP_KV_3_0,193,SCMP_KV_3_7,193,SCMP_KV_5_19,PNR,SCMP_KV_UNDEF,PNR,SCMP_KV_UNDEF,63,SCMP_KV_3_0,63,SCMP_KV_3_0,185,SCMP_KV_3_0,185,SCMP_KV_3_0,PNR,SCMP_KV_UNDEF,PNR,SCMP_KV_UNDEF,193,SCMP_KV_4_15,PNR,SCMP_KV_UNDEF,PNR,SCMP_KV_UNDEF,PNR,SCMP_KV_UNDEF
semtimedop,PNR,SCMP_KV_UNDEF,220,SCMP_KV_3_0,220,SCMP_KV_3_4,312,SCMP_KV_3_0,192,SCMP_KV_3_7,192,SCMP_KV_5_19,PNR,SCMP_KV_UNDEF,PNR,SCMP_KV_UNDEF,214,SCMP_KV_3_0,215,SCMP_KV_3_0,228,SCMP_KV_3_0,228,SCMP_KV_3_0,PNR,SCMP_KV_UNDEF,392,SCMP_KV_5_1,192,SCMP_KV_4_15,PNR,SCMP_KV_UNDEF,392,SCMP_KV_5_1,PNR,SCMP_KV_UNDEF
semtimedop_time64,420,SCMP_KV_5_1,PNR,SCMP_KV_UNDEF,PNR,SCMP_KV_UNDEF,420,SCMP_KV_5_1,PNR,SCMP_KV_UNDEF,PNR,SCMP_KV_UNDEF,420,SCMP_KV_5_1,420,SCMP_KV_5_1,PNR,SCMP_KV_UNDEF,420,SCMP_KV_5_1,420,SCMP_KV_5_1,PNR,SCMP_KV_UNDEF,420,SCMP_KV_5_1,PNR,SCMP_KV_UNDEF,PNR,SCMP_KV_UNDEF,420,SCMP_KV_UNDEF,PNR,SCMP_KV_UNDEF,420,SCMP_KV_5_1
send,PNR,SCMP_KV_UNDEF,PNR,SCMP_KV_UNDEF,PNR,SCMP_KV_UNDEF,289,SCMP_KV_3_0,PNR,SCMP_KV_UNDEF,PNR,SCMP_KV_UNDEF,PNR,SCMP_KV_UNDEF,178,SCMP_KV_3_0,PNR,SCMP_KV_UNDEF,PNR,SCMP_KV_UNDEF,58,SCMP_KV_3_0,58,SCMP_KV_3_0,334,SCMP_KV_3_0,334,SCMP_KV_3_0,PNR,SCMP_KV_UNDEF,PNR,SCMP_KV_UNDEF,PNR,SCMP_KV_UNDEF,348,SCMP_KV_3_0
sendfile,187,SCMP_KV_3_0,40,SCMP_KV_3_0,40,SCMP_KV_3_4,187,SCMP_KV_3_0,71,SCMP_KV_3_7,71,SCMP_KV_5_19,187,SCMP_KV_3_0,207,SCMP_KV_3_0,39,SCMP_KV_3_0,39,SCMP_KV_3_0,122,SCMP_KV_3_0,122,SCMP_KV_3_0,186,SCMP_KV_3_0,186,SCMP_KV_3_0,71,SCMP_KV_4_15,187,SCMP_KV_UNDEF,187,SCMP_KV_3_0,187,SCMP_KV_3_0
sendfile64,239,SCMP_KV_3_0,PNR,SCMP_KV_UNDEF,PNR,SCMP_KV_UNDEF,239,SCMP_KV_3_0,PNR,SCMP_KV_UNDEF,PNR,SCMP_KV_UNDEF,236,SCMP_KV_3_0,237,SCMP_KV_3_0,PNR,SCMP_KV_UNDEF,219,SCMP_KV_3_0,209,SCMP_KV_3_0,209,SCMP_KV_3_0,226,SCMP_KV_3_0,PNR,SCMP_KV_UNDEF,PNR,SCMP_KV_UNDEF,223,SCMP_KV_UNDEF,PNR,SCMP_KV_UNDEF,239,SCMP_KV_3_0
sendmmsg,345,SCMP_KV_3_0,307,SCMP_KV_3_0,538,SCMP_KV_3_4,374,SCMP_KV_3_0,269,SCMP_KV_3_7,269,SCMP_KV_5_19,372,SCMP_KV_4_3,343,SCMP_KV_3_1,302,SCMP_KV_3_1,307,SCMP_KV_3_1,329,SCMP_KV_3_1,329,SCMP_KV_3_1,349,SCMP_KV_3_0,349,SCMP_KV_3_0,269,SCMP_KV_4_15,358,SCMP_KV_UNDEF,358,SCMP_KV_4_3,363,SCMP_KV_3_0
sendmsg,370,SCMP_KV_4_3,46,SCMP_KV_3_0,518,SCMP_KV_3_4,296,SCMP_KV_3_0,211,SCMP_KV_3_7,211,SCMP_KV_5_19,367,SCMP_KV_4_3,179,SCMP_KV_3_0,45,SCMP_KV_3_0,45,SCMP_KV_3_0,183,SCMP_KV_3_0,183,SCMP_KV_3_0,341,SCMP_KV_3_0,341,SCMP_KV_3_0,211,SCMP_KV_4_15,370,SCMP_KV_UNDEF,370,SCMP_KV_4_3,355,SCMP_KV_3_0
sendto,369,SCMP_KV_4_3,44,SCMP_KV_3_0,44,SCMP_KV_3_4,290,SCMP_KV_3_0,206,SCMP_KV_3_7,206,SCMP_KV_5_19,366,SCMP_KV_4_3,180,SCMP_KV_3_0,43,SCMP_KV_3_0,43,SCMP_KV_3_0,82,SCMP_KV_3_0,82,SCMP_KV_3_0,335,SCMP_KV_3_0,335,SCMP_KV_3_0,206,SCMP_KV_4_15,369,SCMP_KV_UNDEF,369,SCMP_KV_4_3,349,SCMP_KV_3_0
setdomainname,121,SCMP_KV_3_0,171,SCMP_KV_3_0,171,SCMP_KV_3_4,121,SCMP_KV_3_0,162,SCMP_KV_3_7,162,SCMP_KV_5_19,121,SCMP_KV_3_0,121,SCMP_KV_3_0,166,SCMP_KV_3_0,166,SCMP_KV_3_0,121,SCMP_KV_3_0,121,SCMP_KV_3_0,121,SCMP_KV_3_0,121,SCMP_KV_3_0,162,SCMP_KV_4_15,121,SCMP_KV_UNDEF,121,SCMP_KV_3_0,121,SCMP_KV_3_0
setfsgid,139,SCMP_KV_3_0,123,SCMP_KV_3_0,123,SCMP_KV_3_4,139,SCMP_KV_3_0,152,SCMP_KV_3_7,152,SCMP_KV_5_19,139,SCMP_KV_3_0,139,SCMP_KV_3_0,121,SCMP_KV_3_0,121,SCMP_KV_3_0,139,SCMP_KV_3_0,139,SCMP_KV_3_0,139,SCMP_KV_3_0,139,SCMP_KV_3_0,152,SCMP_KV_4_15,139,SCMP_KV_UNDEF,216,SCMP_KV_3_0,139,SCMP_KV_3_0
setfsgid32,216,SCMP_KV_3_0,PNR,SCMP_KV_UNDEF,PNR,SCMP_KV_UNDEF,216,SCMP_KV_3_0,PNR,SCMP_KV_UNDEF,PNR,SCMP_KV_UNDEF,216,SCMP_KV_3_0,PNR,SCMP_KV_UNDEF,PNR,SCMP_KV_UNDEF,PNR,SCMP_KV_UNDEF,PNR,SCMP_KV_UNDEF,PNR,SCMP_KV_UNDEF,PNR,SCMP_KV_UNDEF,PNR,SCMP_KV_UNDEF,PNR,SCMP_KV_UNDEF,216,SCMP_KV_UNDEF,PNR,SCMP_KV_UNDEF,216,SCMP_KV_3_0
setfsuid,138,SCMP_KV_3_0,122,SCMP_KV_3_0,122,SCMP_KV_3_4,138,SCMP_KV_3_0,151,SCMP_KV_3_7,151,SCMP_KV_5_19,138,SCMP_KV_3_0,138,SCMP_KV_3_0,120,SCMP_KV_3_0,120,SCMP_KV_3_0,138,SCMP_KV_3_0,138,SCMP_KV_3_0,138,SCMP_KV_3_0,138,SCMP_KV_3_0,151,SCMP_KV_4_15,138,SCMP_KV_UNDEF,215,SCMP_KV_3_0,138,SCMP_KV_3_0
setfsuid32,215,SCMP_KV_3_0,PNR,SCMP_KV_UNDEF,PNR,SCMP_KV_UNDEF,215,SCMP_KV_3_0,PNR,SCMP_KV_UNDEF,PNR,SCMP_KV_UNDEF,215,SCMP_KV_3_0,PNR,SCMP_KV_UNDEF,PNR,SCMP_KV_UNDEF,PNR,SCMP_KV_UNDEF,PNR,SCMP_KV_UNDEF,PNR,SCMP_KV_UNDEF,PNR,SCMP_KV_UNDEF,PNR,SCMP_KV_UNDEF,PNR,SCMP_KV_UNDEF,215,SCMP_KV_UNDEF,PNR,SCMP_KV_UNDEF,215,SCMP_KV_3_0
setgid,46,SCMP_KV_3_0,106,SCMP_KV_3_0,106,SCMP_KV_3_4,46,SCMP_KV_3_0,144,SCMP_KV_3_7,144,SCMP_KV_5_19,46,SCMP_KV_3_0,46,SCMP_KV_3_0,104,SCMP_KV_3_0,104,SCMP_KV_3_0,46,SCMP_KV_3_0,46,SCMP_KV_3_0,46,SCMP_KV_3_0,46,SCMP_KV_3_0,144,SCMP_KV_4_15,46,SCMP_KV_UNDEF,214,SCMP_KV_3_0,46,SCMP_KV_3_0
setgid32,214,SCMP_KV_3_0,PNR,SCMP_KV_UNDEF,PNR,SCMP_KV_UNDEF,214,SCMP_KV_3_0,PNR,SCMP_KV_UNDEF,PNR,SCMP_KV_UNDEF,214,SCMP_KV_3_0,PNR,SCMP_KV_UNDEF,PNR,SCMP_KV_UNDEF,PNR,SCMP_KV_UNDEF,PNR,SCMP_KV_UNDEF,PNR,SCMP_KV_UNDEF,PNR,SCMP_KV_UNDEF,PNR,SCMP_KV_UNDEF,PNR,SCMP_KV_UNDEF,214,SCMP_KV_UNDEF,PNR,SCMP_KV_UNDEF,214,SCMP_KV_3_0
setgroups,81,SCMP_KV_3_0,116,SCMP_KV_3_0,116,SCMP_KV_3_4,81,SCMP_KV_3_0,159,SCMP_KV_3_7,159,SCMP_KV_5_19,81,SCMP_KV_3_0,81,SCMP_KV_3_0,114,SCMP_KV_3_0,114,SCMP_KV_3_0,81,SCMP_KV_3_0,81,SCMP_KV_3_0,81,SCMP_KV_3_0,81,SCMP_KV_3_0,159,SCMP_KV_4_15,81,SCMP_KV_UNDEF,206,SCMP_KV_3_0,81,SCMP_KV_3_0
setgroups32,206,SCMP_KV_3_0,PNR,SCMP_KV_UNDEF,PNR,SCMP_KV_UNDEF,206,SCMP_KV_3_0,PNR,SCMP_KV_UNDEF,PNR,SCMP_KV_UNDEF,206,SCMP_KV_3_0,PNR,SCMP_KV_UNDEF,PNR,SCMP_KV_UNDEF,PNR,SCMP_KV_UNDEF,PNR,SCMP_KV_UNDEF,PNR,SCMP_KV_UNDEF,PNR,SCMP_KV_UNDEF,PNR,SCMP_KV_UNDEF,PNR,SCMP_KV_UNDEF,206,SCMP_KV_UNDEF,PNR,SCMP_KV_UNDEF,206,SCMP_KV_3_0
sethostname,74,SCMP_KV_3_0,170,SCMP_KV_3_0,170,SCMP_KV_3_4,74,SCMP_KV_3_0,161,SCMP_KV_3_7,161,SCMP_KV_5_19,74,SCMP_KV_3_0,74,SCMP_KV_3_0,165,SCMP_KV_3_0,165,SCMP_KV_3_0,74,SCMP_KV_3_0,74,SCMP_KV_3_0,74,SCMP_KV_3_0,74,SCMP_KV_3_0,161,SCMP_KV_4_15,74,SCMP_KV_UNDEF,74,SCMP_KV_3_0,74,SCMP_KV_3_0
setitimer,104,SCMP_KV_3_0,38,SCMP_KV_3_0,38,SCMP_KV_3_4,104,SCMP_KV_3_0,103,SCMP_KV_3_7,103,SCMP_KV_5_19,104,SCMP_KV_3_0,104,SCMP_KV_3_0,36,SCMP_KV_3_0,36,SCMP_KV_3_0,104,SCMP_KV_3_0,104,SCMP_KV_3_0,104,SCMP_KV_3_0,104,SCMP_KV_3_0,103,SCMP_KV_4_15,104,SCMP_KV_UNDEF,104,SCMP_KV_3_0,104,SCMP_KV_3_0
set_mempolicy,276,SCMP_KV_3_0,238,SCMP_KV_3_0,238,SCMP_KV_3_4,321,SCMP_KV_3_0,237,SCMP_KV_3_7,237,SCMP_KV_5_19,270,SCMP_KV_3_0,270,SCMP_KV_3_0,229,SCMP_KV_3_0,233,SCMP_KV_3_0,262,SCMP_KV_3_0,262,SCMP_KV_3_0,261,SCMP_KV_3_0,261,SCMP_KV_3_0,237,SCMP_KV_4_15,270,SCMP_KV_UNDEF,270,SCMP_KV_4_3,276,SCMP_KV_3_0
set_mempolicy_home_node,450,SCMP_KV_5_17,450,SCMP_KV_5_17,450,SCMP_KV_5_17,450,SCMP_KV_5_17,450,SCMP_KV_5_17,450,SCMP_KV_5_19,450,SCMP_KV_5_17,450,SCMP_KV_5_17,450,SCMP_KV_5_17,450,SCMP_KV_5_17,450,SCMP_KV_5_17,450,SCMP_KV_5_17,450,SCMP_KV_5_17,450,SCMP_KV_5_17,450,SCMP_KV_5_17,450,SCMP_KV_UNDEF,450,SCMP_KV_5_17,450,SCMP_KV_5_17
setns,346,SCMP_KV_3_0,308,SCMP_KV_3_0,308,SCMP_KV_3_4,375,SCMP_KV_3_0,268,SCMP_KV_3_7,268,SCMP_KV_5_19,344,SCMP_KV_3_0,344,SCMP_KV_3_0,303,SCMP_KV_3_0,308,SCMP_KV_3_0,328,SCMP_KV_3_0,328,SCMP_KV_3_0,350,SCMP_KV_3_0,350,SCMP_KV_3_0,268,SCMP_KV_4_15,339,SCMP_KV_UNDEF,339,SCMP_KV_3_0,364,SCMP_KV_3_0
setpgid,57,SCMP_KV_3_0,109,SCMP_KV_3_0,109,SCMP_KV_3_4,57,SCMP_KV_3_0,154,SCMP_KV_3_7,154,SCMP_KV_5_19,57,SCMP_KV_3_0,57,SCMP_KV_3_0,107,SCMP_KV_3_0,107,SCMP_KV_3_0,57,SCMP_KV_3_0,57,SCMP_KV_3_0,57,SCMP_KV_3_0,57,SCMP_KV_3_0,154,SCMP_KV_4_15,57,SCMP_KV_UNDEF,57,SCMP_KV_3_0,57,SCMP_KV_3_0
setpriority,97,SCMP_KV_3_0,141,SCMP_KV_3_0,141,SCMP_KV_3_4,97,SCMP_KV_3_0,140,SCMP_KV_3_7,140,SCMP_KV_5_19,97,SCMP_KV_3_0,97,SCMP_KV_3_0,138,SCMP_KV_3_0,138,SCMP_KV_3_0,97,SCMP_KV_3_0,97,SCMP_KV_3_0,97,SCMP_KV_3_0,97,SCMP_KV_3_0,140,SCMP_KV_4_15,97,SCMP_KV_UNDEF,97,SCMP_KV_3_0,97,SCMP_KV_3_0
setregid,71,SCMP_KV_3_0,114,SCMP_KV_3_0,114,SCMP_KV_3_4,71,SCMP_KV_3_0,143,SCMP_KV_3_7,143,SCMP_KV_5_19,71,SCMP_KV_3_0,71,SCMP_KV_3_0,112,SCMP_KV_3_0,112,SCMP_KV_3_0,71,SCMP_KV_3_0,71,SCMP_KV_3_0,71,SCMP_KV_3_0,71,SCMP_KV_3_0,143,SCMP_KV_4_15,71,SCMP_KV_UNDEF,204,SCMP_KV_3_0,71,SCMP_KV_3_0
setregid32,204,SCMP_KV_3_0,PNR,SCMP_KV_UNDEF,PNR,SCMP_KV_UNDEF,204,SCMP_KV_3_0,PNR,SCMP_KV_UNDEF,PNR,SCMP_KV_UNDEF,204,SCMP_KV_3_0,PNR,SCMP_KV_UNDEF,PNR,SCMP_KV_UNDEF,PNR,SCMP_KV_UNDEF,PNR,SCMP_KV_UNDEF,PNR,SCMP_KV_UNDEF,PNR,SCMP_KV_UNDEF,PNR,SCMP_KV_UNDEF,PNR,SCMP_KV_UNDEF,204,SCMP_KV_UNDEF,PNR,SCMP_KV_UNDEF,204,SCMP_KV_3_0
setresgid,170,SCMP_KV_3_0,119,SCMP_KV_3_0,119,SCMP_KV_3_4,170,SCMP_KV_3_0,149,SCMP_KV_3_7,149,SCMP_KV_5_19,170,SCMP_KV_3_0,190,SCMP_KV_3_0,117,SCMP_KV_3_0,117,SCMP_KV_3_0,170,SCMP_KV_3_0,170,SCMP_KV_3_0,169,SCMP_KV_3_0,169,SCMP_KV_3_0,149,SCMP_KV_4_15,170,SCMP_KV_UNDEF,210,SCMP_KV_3_0,170,SCMP_KV_3_0
setresgid32,210,SCMP_KV_3_0,PNR,SCMP_KV_UNDEF,PNR,SCMP_KV_UNDEF,210,SCMP_KV_3_0,PNR,SCMP_KV_UNDEF,PNR,SCMP_KV_UNDEF,210,SCMP_KV_3_0,PNR,SCMP_KV_UNDEF,PNR,SCMP_KV_UNDEF,PNR,SCMP_KV_UNDEF,PNR,SCMP_KV_UNDEF,PNR,SCMP_KV_UNDEF,PNR,SCMP_KV_UNDEF,PNR,SCMP_KV_UNDEF,PNR,SCMP_KV_UNDEF,210,SCMP_KV_UNDEF,PNR,SCMP_KV_UNDEF,210,SCMP_KV_3_0
setresuid,164,SCMP_KV_3_0,117,SCMP_KV_3_0,117,SCMP_KV_3_4,164,SCMP_KV_3_0,147,SCMP_KV_3_7,147,SCMP_KV_5_19,164,SCMP_KV_3_0,185,SCMP_KV_3_0,115,SCMP_KV_3_0,115,SCMP_KV_3_0,164,SCMP_KV_3_0,164,SCMP_KV_3_0,164,SCMP_KV_3_0,164,SCMP_KV_3_0,147,SCMP_KV_4_15,164,SCMP_KV_UNDEF,208,SCMP_KV_3_0,164,SCMP_KV_3_0
setresuid32,208,SCMP_KV_3_0,PNR,SCMP_KV_UNDEF,PNR,SCMP_KV_UNDEF,208,SCMP_KV_3_0,PNR,SCMP_KV_UNDEF,PNR,SCMP_KV_UNDEF,208,SCMP_KV_3_0,PNR,SCMP_KV_UNDEF,PNR,SCMP_KV_UNDEF,PNR,SCMP_KV_UNDEF,PNR,SCMP_KV_UNDEF,PNR,SCMP_KV_UNDEF,PNR,SCMP_KV_UNDEF,PNR,SCMP_KV_UNDEF,PNR,SCMP_KV_UNDEF,208,SCMP_KV_UNDEF,PNR,SCMP_KV_UNDEF,208,SCMP_KV_3_0
setreuid,70,SCMP_KV_3_0,113,SCMP_KV_3_0,113,SCMP_KV_3_4,70,SCMP_KV_3_0,145,SCMP_KV_3_7,145,SCMP_KV_5_19,70,SCMP_KV_3_0,70,SCMP_KV_3_0,111,SCMP_KV_3_0,111,SCMP_KV_3_0,70,SCMP_KV_3_0,70,SCMP_KV_3_0,70,SCMP_KV_3_0,70,SCMP_KV_3_0,145,SCMP_KV_4_15,70,SCMP_KV_UNDEF,203,SCMP_KV_3_0,70,SCMP_KV_3_0
setreuid32,203,SCMP_KV_3_0,PNR,SCMP_KV_UNDEF,PNR,SCMP_KV_UNDEF,203,SCMP_KV_3_0,PNR,SCMP_KV_UNDEF,PNR,SCMP_KV_UNDEF,203,SCMP_KV_3_0,PNR,SCMP_KV_UNDEF,PNR,SCMP_KV_UNDEF,PNR,SCMP_KV_UNDEF,PNR,SCMP_KV_UNDEF,PNR,SCMP_KV_UNDEF,PNR,SCMP_KV_UNDEF,PNR,SCMP_KV_UNDEF,PNR,SCMP_KV_UNDEF,203,SCMP_KV_UNDEF,PNR,SCMP_KV_UNDEF,203,SCMP_KV_3_0
setrlimit,75,SCMP_KV_3_0,160,SCMP_KV_3_0,160,SCMP_KV_3_4,75,SCMP_KV_3_0,164,SCMP_KV_3_7,PNR,SCMP_KV_UNDEF,75,SCMP_KV_3_0,75,SCMP_KV_3_0,155,SCMP_KV_3_0,155,SCMP_KV_3_0,75,SCMP_KV_3_0,75,SCMP_KV_3_0,75,SCMP_KV_3_0,75,SCMP_KV_3_0,164,SCMP_KV_4_15,75,SCMP_KV_UNDEF,75,SCMP_KV_3_0,75,SCMP_KV_3_0
set_robust_list,311,SCMP_KV_3_0,273,SCMP_KV_3_0,530,SCMP_KV_3_4,338,SCMP_KV_3_0,99,SCMP_KV_3_7,99,SCMP_KV_5_19,304,SCMP_KV_3_0,309,SCMP_KV_3_0,268,SCMP_KV_3_0,272,SCMP_KV_3_0,289,SCMP_KV_3_0,289,SCMP_KV_3_0,300,SCMP_KV_3_0,300,SCMP_KV_3_0,99,SCMP_KV_4_15,304,SCMP_KV_UNDEF,304,SCMP_KV_3_0,311,SCMP_KV_3_0
setsid,66,SCMP_KV_3_0,112,SCMP_KV_3_0,112,SCMP_KV_3_4,66,SCMP_KV_3_0,157,SCMP_KV_3_7,157,SCMP_KV_5_19,66,SCMP_KV_3_0,66,SCMP_KV_3_0,110,SCMP_KV_3_0,110,SCMP_KV_3_0,66,SCMP_KV_3_0,66,SCMP_KV_3_0,66,SCMP_KV_3_0,66,SCMP_KV_3_0,157,SCMP_KV_4_15,66,SCMP_KV_UNDEF,66,SCMP_KV_3_0,66,SCMP_KV_3_0
setsockopt,366,SCMP_KV_4_3,54,SCMP_KV_3_0,541,SCMP_KV_3_4,294,SCMP_KV_3_0,208,SCMP_KV_3_7,208,SCMP_KV_5_19,363,SCMP_KV_4_3,181,SCMP_KV_3_0,53,SCMP_KV_3_0,53,SCMP_KV_3_0,181,SCMP_KV_3_0,181,SCMP_KV_3_0,339,SCMP_KV_3_0,339,SCMP_KV_3_0,208,SCMP_KV_4_15,366,SCMP_KV_UNDEF,366,SCMP_KV_4_3,353,SCMP_KV_3_0
set_thread_area,243,SCMP_KV_3_0,205,SCMP_KV_3_0,PNR,SCMP_KV_UNDEF,PNR,SCMP_KV_UNDEF,PNR,SCMP_KV_UNDEF,PNR,SCMP_KV_UNDEF,334,SCMP_KV_3_0,283,SCMP_KV_3_0,242,SCMP_KV_3_0,246,SCMP_KV_3_0,PNR,SCMP_KV_UNDEF,PNR,SCMP_KV_UNDEF,PNR,SCMP_KV_UNDEF,PNR,SCMP_KV_UNDEF,PNR,SCMP_KV_UNDEF,PNR,SCMP_KV_UNDEF,PNR,SCMP_KV_UNDEF,PNR,SCMP_KV_UNDEF
set_tid_address,258,SCMP_KV_3_0,218,SCMP_KV_3_0,218,SCMP_KV_3_4,256,SCMP_KV_3_0,96,SCMP_KV_3_7,96,SCMP_KV_5_19,253,SCMP_KV_3_0,252,SCMP_KV_3_0,212,SCMP_KV_3_0,213,SCMP_KV_3_0,237,SCMP_KV_3_0,237,SCMP_KV_3_0,232,SCMP_KV_3_0,232,SCMP_KV_3_0,96,SCMP_KV_4_15,252,SCMP_KV_UNDEF,252,SCMP_KV_3_0,258,SCMP_KV_3_0
settimeofday,79,SCMP_KV_3_0,164,SCMP_KV_3_0,164,SCMP_KV_3_4,79,SCMP_KV_3_0,170,SCMP_KV_3_7,170,SCMP_KV_5_19,79,SCMP_KV_3_0,79,SCMP_KV_3_0,159,SCMP_KV_3_0,159,SCMP_KV_3_0,79,SCMP_KV_3_0,79,SCMP_KV_3_0,79,SCMP_KV_3_0,79,SCMP_KV_3_0,170,SCMP_KV_4_15,79,SCMP_KV_UNDEF,79,SCMP_KV_3_0,79,SCMP_KV_3_0
set_tls,PNR,SCMP_KV_UNDEF,PNR,SCMP_KV_UNDEF,PNR,SCMP_KV_UNDEF,983045,SCMP_KV_3_0,PNR,SCMP_KV_UNDEF,PNR,SCMP_KV_UNDEF,PNR,SCMP_KV_UNDEF,PNR,SCMP_KV_UNDEF,PNR,SCMP_KV_UNDEF,PNR,SCMP_KV_UNDEF,PNR,SCMP_KV_UNDEF,PNR,SCMP_KV_UNDEF,PNR,SCMP_KV_UNDEF,PNR,SCMP_KV_UNDEF,PNR,SCMP_KV_UNDEF,PNR,SCMP_KV_UNDEF,PNR,SCMP_KV_UNDEF,PNR,SCMP_KV_UNDEF
setuid,23,SCMP_KV_3_0,105,SCMP_KV_3_0,105,SCMP_KV_3_4,23,SCMP_KV_3_0,146,SCMP_KV_3_7,146,SCMP_KV_5_19,23,SCMP_KV_3_0,23,SCMP_KV_3_0,103,SCMP_KV_3_0,103,SCMP_KV_3_0,23,SCMP_KV_3_0,23,SCMP_KV_3_0,23,SCMP_KV_3_0,23,SCMP_KV_3_0,146,SCMP_KV_4_15,23,SCMP_KV_UNDEF,213,SCMP_KV_3_0,23,SCMP_KV_3_0
setuid32,213,SCMP_KV_3_0,PNR,SCMP_KV_UNDEF,PNR,SCMP_KV_UNDEF,213,SCMP_KV_3_0,PNR,SCMP_KV_UNDEF,PNR,SCMP_KV_UNDEF,213,SCMP_KV_3_0,PNR,SCMP_KV_UNDEF,PNR,SCMP_KV_UNDEF,PNR,SCMP_KV_UNDEF,PNR,SCMP_KV_UNDEF,PNR,SCMP_KV_UNDEF,PNR,SCMP_KV_UNDEF,PNR,SCMP_KV_UNDEF,PNR,SCMP_KV_UNDEF,213,SCMP_KV_UNDEF,PNR,SCMP_KV_UNDEF,213,SCMP_KV_3_0
setxattr,226,SCMP_KV_3_0,188,SCMP_KV_3_0,188,SCMP_KV_3_4,226,SCMP_KV_3_0,5,SCMP_KV_3_7,5,SCMP_KV_5_19,223,SCMP_KV_3_0,224,SCMP_KV_3_0,180,SCMP_KV_3_0,180,SCMP_KV_3_0,238,SCMP_KV_3_0,238,SCMP_KV_3_0,209,SCMP_KV_3_0,209,SCMP_KV_3_0,5,SCMP_KV_4_15,224,SCMP_KV_UNDEF,224,SCMP_KV_3_0,226,SCMP_KV_3_0
setxattrat,463,SCMP_KV_6_13,463,SCMP_KV_6_13,463,SCMP_KV_6_13,463,SCMP_KV_6_13,463,SCMP_KV_6_13,463,SCMP_KV_6_13,463,SCMP_KV_6_13,463,SCMP_KV_6_13,463,SCMP_KV_6_13,463,SCMP_KV_6_13,463,SCMP_KV_6_13,463,SCMP_KV_6_13,463,SCMP_KV_6_13,463,SCMP_KV_6_13,463,SCMP_KV_6_13,463,SCMP_KV_UNDEF,463,SCMP_KV_6_13,463,SCMP_KV_6_13
sgetmask,68,SCMP_KV_3_0,PNR,SCMP_KV_UNDEF,PNR,SCMP_KV_UNDEF,PNR,SCMP_KV_UNDEF,PNR,SCMP_KV_UNDEF,PNR,SCMP_KV_UNDEF,68,SCMP_KV_3_0,68,SCMP_KV_3_0,PNR,SCMP_KV_UNDEF,PNR,SCMP_KV_UNDEF,68,SCMP_KV_3_0,68,SCMP_KV_3_0,68,SCMP_KV_3_0,68,SCMP_KV_3_0,PNR,SCMP_KV_UNDEF,PNR,SCMP_KV_UNDEF,PNR,SCMP_KV_UNDEF,68,SCMP_KV_3_0
shmat,397,SCMP_KV_5_1,30,SCMP_KV_3_0,30,SCMP_KV_3_4,305,SCMP_KV_3_0,196,SCMP_KV_3_7,196,SCMP_KV_5_19,397,SCMP_KV_5_1,397,SCMP_KV_5_1,29,SCMP_KV_3_0,29,SCMP_KV_3_0,192,SCMP_KV_3_0,192,SCMP_KV_3_0,397,SCMP_KV_5_1,397,SCMP_KV_5_1,196,SCMP_KV_4_15,397,SCMP_KV_UNDEF,397,SCMP_KV_5_1,397,SCMP_KV_5_1
shmctl,396,SCMP_KV_5_1,31,SCMP_KV_3_0,31,SCMP_KV_3_4,308,SCMP_KV_3_0,195,SCMP_KV_3_7,195,SCMP_KV_5_19,396,SCMP_KV_5_1,396,SCMP_KV_5_1,30,SCMP_KV_3_0,30,SCMP_KV_3_0,195,SCMP_KV_3_0,195,SCMP_KV_3_0,396,SCMP_KV_5_1,396,SCMP_KV_5_1,195,SCMP_KV_4_15,396,SCMP_KV_UNDEF,396,SCMP_KV_5_1,396,SCMP_KV_5_1
shmdt,398,SCMP_KV_5_1,67,SCMP_KV_3_0,67,SCMP_KV_3_4,306,SCMP_KV_3_0,197,SCMP_KV_3_7,197,SCMP_KV_5_19,398,SCMP_KV_5_1,398,SCMP_KV_5_1,65,SCMP_KV_3_0,65,SCMP_KV_3_0,193,SCMP_KV_3_0,193,SCMP_KV_3_0,398,SCMP_KV_5_1,398,SCMP_KV_5_1,197,SCMP_KV_4_15,398,SCMP_KV_UNDEF,398,SCMP_KV_5_1,398,SCMP_KV_5_1
shmget,395,SCMP_KV_5_1,29,SCMP_KV_3_0,29,SCMP_KV_3_4,307,SCMP_KV_3_0,194,SCMP_KV_3_7,194,SCMP_KV_5_19,395,SCMP_KV_5_1,395,SCMP_KV_5_1,28,SCMP_KV_3_0,28,SCMP_KV_3_0,194,SCMP_KV_3_0,194,SCMP_KV_3_0,395,SCMP_KV_5_1,395,SCMP_KV_5_1,194,SCMP_KV_4_15,395,SCMP_KV_UNDEF,395,SCMP_KV_5_1,395,SCMP_KV_5_1
shutdown,373,SCMP_KV_4_3,48,SCMP_KV_3_0,48,SCMP_KV_3_4,293,SCMP_KV_3_0,210,SCMP_KV_3_7,210,SCMP_KV_5_19,370,SCMP_KV_4_3,182,SCMP_KV_3_0,47,SCMP_KV_3_0,47,SCMP_KV_3_0,117,SCMP_KV_3_0,117,SCMP_KV_3_0,338,SCMP_KV_3_0,338,SCMP_KV_3_0,210,SCMP_KV_4_15,373,SCMP_KV_UNDEF,373,SCMP_KV_4_3,352,SCMP_KV_3_0
sigaction,67,SCMP_KV_3_0,PNR,SCMP_KV_UNDEF,PNR,SCMP_KV_UNDEF,67,SCMP_KV_3_0,PNR,SCMP_KV_UNDEF,PNR,SCMP_KV_UNDEF,67,SCMP_KV_3_0,67,SCMP_KV_3_0,PNR,SCMP_KV_UNDEF,PNR,SCMP_KV_UNDEF,PNR,SCMP_KV_UNDEF,PNR,SCMP_KV_UNDEF,67,SCMP_KV_3_0,67,SCMP_KV_3_0,PNR,SCMP_KV_UNDEF,67,SCMP_KV_UNDEF,67,SCMP_KV_3_0,67,SCMP_KV_3_0
sigaltstack,186,SCMP_KV_3_0,131,SCMP_KV_3_0,525,SCMP_KV_3_4,186,SCMP_KV_3_0,132,SCMP_KV_3_7,132,SCMP_KV_5_19,186,SCMP_KV_3_0,206,SCMP_KV_3_0,129,SCMP_KV_3_0,129,SCMP_KV_3_0,166,SCMP_KV_3_0,166,SCMP_KV_3_0,185,SCMP_KV_3_0,185,SCMP_KV_3_0,132,SCMP_KV_4_15,186,SCMP_KV_UNDEF,186,SCMP_KV_3_0,186,SCMP_KV_3_0
signal,48,SCMP_KV_3_0,PNR,SCMP_KV_UNDEF,PNR,SCMP_KV_UNDEF,PNR,SCMP_KV_UNDEF,PNR,SCMP_KV_UNDEF,PNR,SCMP_KV_UNDEF,48,SCMP_KV_3_0,48,SCMP_KV_3_0,PNR,SCMP_KV_UNDEF,PNR,SCMP_KV_UNDEF,48,SCMP_KV_3_0,48,SCMP_KV_3_0,48,SCMP_KV_3_0,48,SCMP_KV_3_0,PNR,SCMP_KV_UNDEF,48,SCMP_KV_UNDEF,48,SCMP_KV_3_0,48,SCMP_KV_3_0
signalfd,321,SCMP_KV_3_0,282,SCMP_KV_3_0,282,SCMP_KV_3_4,349,SCMP_KV_3_0,PNR,SCMP_KV_UNDEF,PNR,SCMP_KV_UNDEF,317,SCMP_KV_3_0,317,SCMP_KV_3_0,276,SCMP_KV_3_0,280,SCMP_KV_3_0,302,SCMP_KV_3_0,302,SCMP_KV_3_0,305,SCMP_KV_3_0,305,SCMP_KV_3_0,PNR,SCMP_KV_UNDEF,316,SCMP_KV_UNDEF,316,SCMP_KV_3_0,321,SCMP_KV_3_0
signalfd4,327,SCMP_KV_3_0,289,SCMP_KV_3_0,289,SCMP_KV_3_4,355,SCMP_KV_3_0,74,SCMP_KV_3_7,74,SCMP_KV_5_19,323,SCMP_KV_3_0,324,SCMP_KV_3_0,283,SCMP_KV_3_0,287,SCMP_KV_3_0,309,SCMP_KV_3_0,309,SCMP_KV_3_0,313,SCMP_KV_3_0,313,SCMP_KV_3_0,74,SCMP_KV_4_15,322,SCMP_KV_UNDEF,322,SCMP_KV_3_0,327,SCMP_KV_3_0
sigpending,73,SCMP_KV_3_0,PNR,SCMP_KV_UNDEF,PNR,SCMP_KV_UNDEF,73,SCMP_KV_3_0,PNR,SCMP_KV_UNDEF,PNR,SCMP_KV_UNDEF,73,SCMP_KV_3_0,73,SCMP_KV_3_0,PNR,SCMP_KV_UNDEF,PNR,SCMP_KV_UNDEF,73,SCMP_KV_3_0,73,SCMP_KV_3_0,73,SCMP_KV_3_0,73,SCMP_KV_3_0,PNR,SCMP_KV_UNDEF,73,SCMP_KV_UNDEF,73,SCMP_KV_3_0,73,SCMP_KV_3_0
sigprocmask,126,SCMP_KV_3_0,PNR,SCMP_KV_UNDEF,PNR,SCMP_KV_UNDEF,126,SCMP_KV_3_0,PNR,SCMP_KV_UNDEF,PNR,SCMP_KV_UNDEF,126,SCMP_KV_3_0,126,SCMP_KV_3_0,PNR,SCMP_KV_UNDEF,PNR,SCMP_KV_UNDEF,126,SCMP_KV_3_0,126,SCMP_KV_3_0,126,SCMP_KV_3_0,126,SCMP_KV_3_0,PNR,SCMP_KV_UNDEF,126,SCMP_KV_UNDEF,126,SCMP_KV_3_0,126,SCMP_KV_3_0
sigreturn,119,SCMP_KV_3_0,PNR,SCMP_KV_UNDEF,PNR,SCMP_KV_UNDEF,119,SCMP_KV_3_0,PNR,SCMP_KV_UNDEF,PNR,SCMP_KV_UNDEF,119,SCMP_KV_3_0,119,SCMP_KV_3_0,PNR,SCMP_KV_UNDEF,PNR,SCMP_KV_UNDEF,PNR,SCMP_KV_UNDEF,PNR,SCMP_KV_UNDEF,119,SCMP_KV_3_0,119,SCMP_KV_3_0,PNR,SCMP_KV_UNDEF,119,SCMP_KV_UNDEF,119,SCMP_KV_3_0,119,SCMP_KV_3_0
sigsuspend,72,SCMP_KV_3_0,PNR,SCMP_KV_UNDEF,PNR,SCMP_KV_UNDEF,72,SCMP_KV_3_0,PNR,SCMP_KV_UNDEF,PNR,SCMP_KV_UNDEF,72,SCMP_KV_3_0,72,SCMP_KV_3_0,PNR,SCMP_KV_UNDEF,PNR,SCMP_KV_UNDEF,PNR,SCMP_KV_UNDEF,PNR,SCMP_KV_UNDEF,72,SCMP_KV_3_0,72,SCMP_KV_3_0,PNR,SCMP_KV_UNDEF,72,SCMP_KV_UNDEF,72,SCMP_KV_3_0,72,SCMP_KV_3_0
socket,359,SCMP_KV_4_3,41,SCMP_KV_3_0,41,SCMP_KV_3_4,281,SCMP_KV_3_0,198,SCMP_KV_3_7,198,SCMP_KV_5_19,356,SCMP_KV_4_3,183,SCMP_KV_3_0,40,SCMP_KV_3_0,40,SCMP_KV_3_0,17,SCMP_KV_3_0,17,SCMP_KV_3_0,326,SCMP_KV_3_0,326,SCMP_KV_3_0,198,SCMP_KV_4_15,359,SCMP_KV_UNDEF,359,SCMP_KV_4_3,340,SCMP_KV_3_0
socketcall,102,SCMP_KV_3_0,PNR,SCMP_KV_UNDEF,PNR,SCMP_KV_UNDEF,PNR,SCMP_KV_UNDEF,PNR,SCMP_KV_UNDEF,PNR,SCMP_KV_UNDEF,102,SCMP_KV_3_0,102,SCMP_KV_3_0,PNR,SCMP_KV_UNDEF,PNR,SCMP_KV_UNDEF,PNR,SCMP_KV_UNDEF,PNR,SCMP_KV_UNDEF,102,SCMP_KV_3_0,102,SCMP_KV_3_0,PNR,SCMP_KV_UNDEF,102,SCMP_KV_UNDEF,102,SCMP_KV_3_0,102,SCMP_KV_3_0
socketpair,360,SCMP_KV_4_3,53,SCMP_KV_3_0,53,SCMP_KV_3_4,288,SCMP_KV_3_0,199,SCMP_KV_3_7,199,SCMP_KV_5_19,357,SCMP_KV_4_3,184,SCMP_KV_3_0,52,SCMP_KV_3_0,52,SCMP_KV_3_0,56,SCMP_KV_3_0,56,SCMP_KV_3_0,333,SCMP_KV_3_0,333,SCMP_KV_3_0,199,SCMP_KV_4_15,360,SCMP_KV_UNDEF,360,SCMP_KV_4_3,347,SCMP_KV_3_0
splice,313,SCMP_KV_3_0,275,SCMP_KV_3_0,275,SCMP_KV_3_4,340,SCMP_KV_3_0,76,SCMP_KV_3_7,76,SCMP_KV_5_19,306,SCMP_KV_3_0,304,SCMP_KV_3_0,263,SCMP_KV_3_0,267,SCMP_KV_3_0,291,SCMP_KV_3_0,291,SCMP_KV_3_0,283,SCMP_KV_3_0,283,SCMP_KV_3_0,76,SCMP_KV_4_15,306,SCMP_KV_UNDEF,306,SCMP_KV_3_0,313,SCMP_KV_3_0
spu_create,PNR,SCMP_KV_UNDEF,PNR,SCMP_KV_UNDEF,PNR,SCMP_KV_UNDEF,PNR,SCMP_KV_UNDEF,PNR,SCMP_KV_UNDEF,PNR,SCMP_KV_UNDEF,PNR,SCMP_KV_UNDEF,PNR,SCMP_KV_UNDEF,PNR,SCMP_KV_UNDEF,PNR,SCMP_KV_UNDEF,PNR,SCMP_KV_UNDEF,PNR,SCMP_KV_UNDEF,279,SCMP_KV_3_0,279,SCMP_KV_3_0,PNR,SCMP_KV_UNDEF,PNR,SCMP_KV_UNDEF,PNR,SCMP_KV_UNDEF,PNR,SCMP_KV_UNDEF
spu_run,PNR,SCMP_KV_UNDEF,PNR,SCMP_KV_UNDEF,PNR,SCMP_KV_UNDEF,PNR,SCMP_KV_UNDEF,PNR,SCMP_KV_UNDEF,PNR,SCMP_KV_UNDEF,PNR,SCMP_KV_UNDEF,PNR,SCMP_KV_UNDEF,PNR,SCMP_KV_UNDEF,PNR,SCMP_KV_UNDEF,PNR,SCMP_KV_UNDEF,PNR,SCMP_KV_UNDEF,278,SCMP_KV_3_0,278,SCMP_KV_3_0,PNR,SCMP_KV_UNDEF,PNR,SCMP_KV_UNDEF,PNR,SCMP_KV_UNDEF,PNR,SCMP_KV_UNDEF
ssetmask,69,SCMP_KV_3_0,PNR,SCMP_KV_UNDEF,PNR,SCMP_KV_UNDEF,PNR,SCMP_KV_UNDEF,PNR,SCMP_KV_UNDEF,PNR,SCMP_KV_UNDEF,69,SCMP_KV_3_0,69,SCMP_KV_3_0,PNR,SCMP_KV_UNDEF,PNR,SCMP_KV_UNDEF,69,SCMP_KV_3_0,69,SCMP_KV_3_0,69,SCMP_KV_3_0,69,SCMP_KV_3_0,PNR,SCMP_KV_UNDEF,PNR,SCMP_KV_UNDEF,PNR,SCMP_KV_UNDEF,69,SCMP_KV_3_0
stat,106,SCMP_KV_3_0,4,SCMP_KV_3_0,4,SCMP_KV_3_4,106,SCMP_KV_3_0,PNR,SCMP_KV_UNDEF,PNR,SCMP_KV_UNDEF,106,SCMP_KV_3_0,106,SCMP_KV_3_0,4,SCMP_KV_3_0,4,SCMP_KV_3_0,18,SCMP_KV_3_0,18,SCMP_KV_3_0,106,SCMP_KV_3_0,106,SCMP_KV_3_0,PNR,SCMP_KV_UNDEF,106,SCMP_KV_UNDEF,106,SCMP_KV_3_0,106,SCMP_KV_3_0
stat64,195,SCMP_KV_3_0,PNR,SCMP_KV_UNDEF,PNR,SCMP_KV_UNDEF,195,SCMP_KV_3_0,PNR,SCMP_KV_UNDEF,PNR,SCMP_KV_UNDEF,195,SCMP_KV_3_0,213,SCMP_KV_3_0,PNR,SCMP_KV_UNDEF,PNR,SCMP_KV_UNDEF,101,SCMP_KV_3_0,101,SCMP_KV_3_0,195,SCMP_KV_3_0,PNR,SCMP_KV_UNDEF,PNR,SCMP_KV_UNDEF,195,SCMP_KV_UNDEF,PNR,SCMP_KV_UNDEF,195,SCMP_KV_3_0
statfs,99,SCMP_KV_3_0,137,SCMP_KV_3_0,137,SCMP_KV_3_4,99,SCMP_KV_3_0,43,SCMP_KV_3_7,43,SCMP_KV_5_19,99,SCMP_KV_3_0,99,SCMP_KV_3_0,134,SCMP_KV_3_0,134,SCMP_KV_3_0,99,SCMP_KV_3_0,99,SCMP_KV_3_0,99,SCMP_KV_3_0,99,SCMP_KV_3_0,43,SCMP_KV_4_15,99,SCMP_KV_UNDEF,99,SCMP_KV_3_0,99,SCMP_KV_3_0
statfs64,268,SCMP_KV_3_0,PNR,SCMP_KV_UNDEF,PNR,SCMP_KV_UNDEF,266,SCMP_KV_3_0,PNR,SCMP_KV_UNDEF,PNR,SCMP_KV_UNDEF,263,SCMP_KV_3_0,255,SCMP_KV_3_0,PNR,SCMP_KV_UNDEF,217,SCMP_KV_3_0,298,SCMP_KV_3_0,298,SCMP_KV_3_0,252,SCMP_KV_3_0,252,SCMP_KV_3_0,PNR,SCMP_KV_UNDEF,265,SCMP_KV_UNDEF,265,SCMP_KV_3_0,268,SCMP_KV_3_0
statmount,457,SCMP_KV_6_8,457,SCMP_KV_6_8,457,SCMP_KV_6_8,457,SCMP_KV_6_8,457,SCMP_KV_6_8,457,SCMP_KV_6_8,457,SCMP_KV_6_8,457,SCMP_KV_6_8,457,SCMP_KV_6_8,457,SCMP_KV_6_8,457,SCMP_KV_6_8,457,SCMP_KV_6_8,457,SCMP_KV_6_8,457,SCMP_KV_6_8,457,SCMP_KV_6_8,457,SCMP_KV_UNDEF,457,SCMP_KV_6_8,457,SCMP_KV_6_8
statx,383,SCMP_KV_4_11,332,SCMP_KV_4_11,332,SCMP_KV_4_11,397,SCMP_KV_4_11,291,SCMP_KV_4_11,291,SCMP_KV_5_19,379,SCMP_KV_4_11,366,SCMP_KV_4_11,326,SCMP_KV_4_11,330,SCMP_KV_4_11,349,SCMP_KV_4_11,349,SCMP_KV_4_11,383,SCMP_KV_4_11,383,SCMP_KV_4_11,291,SCMP_KV_4_15,379,SCMP_KV_UNDEF,379,SCMP_KV_4_11,383,SCMP_KV_5_1
stime,25,SCMP_KV_3_0,PNR,SCMP_KV_UNDEF,PNR,SCMP_KV_UNDEF,PNR,SCMP_KV_UNDEF,PNR,SCMP_KV_UNDEF,PNR,SCMP_KV_UNDEF,25,SCMP_KV_3_0,25,SCMP_KV_3_0,PNR,SCMP_KV_UNDEF,PNR,SCMP_KV_UNDEF,25,SCMP_KV_3_0,25,SCMP_KV_3_0,25,SCMP_KV_3_0,25,SCMP_KV_3_0,PNR,SCMP_KV_UNDEF,25,SCMP_KV_UNDEF,PNR,SCMP_KV_UNDEF,25,SCMP_KV_3_0
stty,31,SCMP_KV_UNDEF,PNR,SCMP_KV_UNDEF,PNR,SCMP_KV_UNDEF,PNR,SCMP_KV_UNDEF,PNR,SCMP_KV_UNDEF,PNR,SCMP_KV_UNDEF,PNR,SCMP_KV_UNDEF,31,SCMP_KV_UNDEF,PNR,SCMP_KV_UNDEF,PNR,SCMP_KV_UNDEF,PNR,SCMP_KV_UNDEF,PNR,SCMP_KV_UNDEF,31,SCMP_KV_UNDEF,31,SCMP_KV_UNDEF,PNR,SCMP_KV_UNDEF,PNR,SCMP_KV_UNDEF,PNR,SCMP_KV_UNDEF,PNR,SCMP_KV_UNDEF
subpage_prot,PNR,SCMP_KV_UNDEF,PNR,SCMP_KV_UNDEF,PNR,SCMP_KV_UNDEF,PNR,SCMP_KV_UNDEF,PNR,SCMP_KV_UNDEF,PNR,SCMP_KV_UNDEF,PNR,SCMP_KV_UNDEF,PNR,SCMP_KV_UNDEF,PNR,SCMP_KV_UNDEF,PNR,SCMP_KV_UNDEF,PNR,SCMP_KV_UNDEF,PNR,SCMP_KV_UNDEF,310,SCMP_KV_3_0,310,SCMP_KV_3_0,PNR,SCMP_KV_UNDEF,PNR,SCMP_KV_UNDEF,PNR,SCMP_KV_UNDEF,PNR,SCMP_KV_UNDEF
swapcontext,PNR,SCMP_KV_UNDEF,PNR,SCMP_KV_UNDEF,PNR,SCMP_KV_UNDEF,PNR,SCMP_KV_UNDEF,PNR,SCMP_KV_UNDEF,PNR,SCMP_KV_UNDEF,PNR,SCMP_KV_UNDEF,PNR,SCMP_KV_UNDEF,PNR,SCMP_KV_UNDEF,PNR,SCMP_KV_UNDEF,PNR,SCMP_KV_UNDEF,PNR,SCMP_KV_UNDEF,249,SCMP_KV_3_0,249,SCMP_KV_3_0,PNR,SCMP_KV_UNDEF,PNR,SCMP_KV_UNDEF,PNR,SCMP_KV_UNDEF,PNR,SCMP_KV_UNDEF
swapoff,115,SCMP_KV_3_0,168,SCMP_KV_3_0,168,SCMP_KV_3_4,115,SCMP_KV_3_0,225,SCMP_KV_3_7,225,SCMP_KV_5_19,115,SCMP_KV_3_0,115,SCMP_KV_3_0,163,SCMP_KV_3_0,163,SCMP_KV_3_0,115,SCMP_KV_3_0,115,SCMP_KV_3_0,115,SCMP_KV_3_0,115,SCMP_KV_3_0,225,SCMP_KV_4_15,115,SCMP_KV_UNDEF,115,SCMP_KV_3_0,115,SCMP_KV_3_0
swapon,87,SCMP_KV_3_0,167,SCMP_KV_3_0,167,SCMP_KV_3_4,87,SCMP_KV_3_0,224,SCMP_KV_3_7,224,SCMP_KV_5_19,87,SCMP_KV_3_0,87,SCMP_KV_3_0,162,SCMP_KV_3_0,162,SCMP_KV_3_0,87,SCMP_KV_3_0,87,SCMP_KV_3_0,87,SCMP_KV_3_0,87,SCMP_KV_3_0,224,SCMP_KV_4_15,87,SCMP_KV_UNDEF,87,SCMP_KV_3_0,87,SCMP_KV_3_0
switch_endian,PNR,SCMP_KV_UNDEF,PNR,SCMP_KV_UNDEF,PNR,SCMP_KV_UNDEF,PNR,SCMP_KV_UNDEF,PNR,SCMP_KV_UNDEF,PNR,SCMP_KV_UNDEF,PNR,SCMP_KV_UNDEF,PNR,SCMP_KV_UNDEF,PNR,SCMP_KV_UNDEF,PNR,SCMP_KV_UNDEF,PNR,SCMP_KV_UNDEF,PNR,SCMP_KV_UNDEF,363,SCMP_KV_4_1,363,SCMP_KV_4_1,PNR,SCMP_KV_UNDEF,PNR,SCMP_KV_UNDEF,PNR,SCMP_KV_UNDEF,PNR,SCMP_KV_UNDEF
symlink,83,SCMP_KV_3_0,88,SCMP_KV_3_0,88,SCMP_KV_3_4,83,SCMP_KV_3_0,PNR,SCMP_KV_UNDEF,PNR,SCMP_KV_UNDEF,83,SCMP_KV_3_0,83,SCMP_KV_3_0,86,SCMP_KV_3_0,86,SCMP_KV_3_0,83,SCMP_KV_3_0,83,SCMP_KV_3_0,83,SCMP_KV_3_0,83,SCMP_KV_3_0,PNR,SCMP_KV_UNDEF,83,SCMP_KV_UNDEF,83,SCMP_KV_3_0,83,SCMP_KV_3_0
symlinkat,304,SCMP_KV_3_0,266,SCMP_KV_3_0,266,SCMP_KV_3_4,331,SCMP_KV_3_0,36,SCMP_KV_3_7,36,SCMP_KV_5_19,297,SCMP_KV_3_0,297,SCMP_KV_3_0,256,SCMP_KV_3_0,260,SCMP_KV_3_0,284,SCMP_KV_3_0,284,SCMP_KV_3_0,295,SCMP_KV_3_0,295,SCMP_KV_3_0,36,SCMP_KV_4_15,297,SCMP_KV_UNDEF,297,SCMP_KV_3_0,304,SCMP_KV_3_0
sync,36,SCMP_KV_3_0,162,SCMP_KV_3_0,162,SCMP_KV_3_4,36,SCMP_KV_3_0,81,SCMP_KV_3_7,81,SCMP_KV_5_19,36,SCMP_KV_3_0,36,SCMP_KV_3_0,157,SCMP_KV_3_0,157,SCMP_KV_3_0,36,SCMP_KV_3_0,36,SCMP_KV_3_0,36,SCMP_KV_3_0,36,SCMP_KV_3_0,81,SCMP_KV_4_15,36,SCMP_KV_UNDEF,36,SCMP_KV_3_0,36,SCMP_KV_3_0
sync_file_range,314,SCMP_KV_3_0,277,SCMP_KV_3_0,277,SCMP_KV_3_4,PNR,SCMP_KV_UNDEF,84,SCMP_KV_3_7,84,SCMP_KV_5_19,307,SCMP_KV_3_0,305,SCMP_KV_3_0,264,SCMP_KV_3_0,268,SCMP_KV_3_0,292,SCMP_KV_3_0,292,SCMP_KV_3_0,PNR,SCMP_KV_UNDEF,PNR,SCMP_KV_UNDEF,84,SCMP_KV_4_15,307,SCMP_KV_UNDEF,307,SCMP_KV_3_0,314,SCMP_KV_3_0
sync_file_range2,PNR,SCMP_KV_UNDEF,PNR,SCMP_KV_UNDEF,PNR,SCMP_KV_UNDEF,PNR,SCMP_KV_UNDEF,PNR,SCMP_KV_UNDEF,PNR,SCMP_KV_UNDEF,PNR,SCMP_KV_UNDEF,PNR,SCMP_KV_UNDEF,PNR,SCMP_KV_UNDEF,PNR,SCMP_KV_UNDEF,PNR,SCMP_KV_UNDEF,PNR,SCMP_KV_UNDEF,308,SCMP_KV_3_0,308,SCMP_KV_3_0,PNR,SCMP_KV_UNDEF,PNR,SCMP_KV_UNDEF,PNR,SCMP_KV_UNDEF,388,SCMP_KV_6_10
syncfs,344,SCMP_KV_3_0,306,SCMP_KV_3_0,306,SCMP_KV_3_4,373,SCMP_KV_3_0,267,SCMP_KV_3_7,267,SCMP_KV_5_19,343,SCMP_KV_3_0,342,SCMP_KV_3_0,301,SCMP_KV_3_0,306,SCMP_KV_3_0,327,SCMP_KV_3_0,327,SCMP_KV_3_0,348,SCMP_KV_3_0,348,SCMP_KV_3_0,267,SCMP_KV_4_15,338,SCMP_KV_UNDEF,338,SCMP_KV_3_0,362,SCMP_KV_3_0
syscall,PNR,SCMP_KV_UNDEF,PNR,SCMP_KV_UNDEF,PNR,SCMP_KV_UNDEF,PNR,SCMP_KV_UNDEF,PNR,SCMP_KV_UNDEF,PNR,SCMP_KV_UNDEF,PNR,SCMP_KV_UNDEF,0,SCMP_KV_3_0,PNR,SCMP_KV_UNDEF,PNR,SCMP_KV_UNDEF,PNR,SCMP_KV_UNDEF,PNR,SCMP_KV_UNDEF,PNR,SCMP_KV_UNDEF,PNR,SCMP_KV_UNDEF,PNR,SCMP_KV_UNDEF,PNR,SCMP_KV_UNDEF,PNR,SCMP_KV_UNDEF,PNR,SCMP_KV_UNDEF
_sysctl,149,SCMP_KV_UNDEF,156,SCMP_KV_UNDEF,PNR,SCMP_KV_UNDEF,149,SCMP_KV_UNDEF,PNR,SCMP_KV_UNDEF,PNR,SCMP_KV_UNDEF,149,SCMP_KV_UNDEF,153,SCMP_KV_UNDEF,152,SCMP_KV_UNDEF,152,SCMP_KV_UNDEF,149,SCMP_KV_UNDEF,149,SCMP_KV_UNDEF,149,SCMP_KV_UNDEF,149,SCMP_KV_UNDEF,PNR,SCMP_KV_UNDEF,149,SCMP_KV_UNDEF,149,SCMP_KV_UNDEF,149,SCMP_KV_UNDEF
sys_debug_setcontext,PNR,SCMP_KV_UNDEF,PNR,SCMP_KV_UNDEF,PNR,SCMP_KV_UNDEF,PNR,SCMP_KV_UNDEF,PNR,SCMP_KV_UNDEF,PNR,SCMP_KV_UNDEF,PNR,SCMP_KV_UNDEF,PNR,SCMP_KV_UNDEF,PNR,SCMP_KV_UNDEF,PNR,SCMP_KV_UNDEF,PNR,SCMP_KV_UNDEF,PNR,SCMP_KV_UNDEF,256,SCMP_KV_3_0,256,SCMP_KV_3_0,PNR,SCMP_KV_UNDEF,PNR,SCMP_KV_UNDEF,PNR,SCMP_KV_UNDEF,PNR,SCMP_KV_UNDEF
sysfs,135,SCMP_KV_3_0,139,SCMP_KV_3_0,139,SCMP_KV_3_4,135,SCMP_KV_3_0,PNR,SCMP_KV_UNDEF,PNR,SCMP_KV_UNDEF,135,SCMP_KV_3_0,135,SCMP_KV_3_0,136,SCMP_KV_3_0,136,SCMP_KV_3_0,135,SCMP_KV_3_0,135,SCMP_KV_3_0,135,SCMP_KV_3_0,135,SCMP_KV_3_0,PNR,SCMP_KV_UNDEF,135,SCMP_KV_UNDEF,135,SCMP_KV_3_0,135,SCMP_KV_3_0
sysinfo,116,SCMP_KV_3_0,99,SCMP_KV_3_0,99,SCMP_KV_3_4,116,SCMP_KV_3_0,179,SCMP_KV_3_7,179,SCMP_KV_5_19,116,SCMP_KV_3_0,116,SCMP_KV_3_0,97,SCMP_KV_3_0,97,SCMP_KV_3_0,116,SCMP_KV_3_0,116,SCMP_KV_3_0,116,SCMP_KV_3_0,116,SCMP_KV_3_0,179,SCMP_KV_4_15,116,SCMP_KV_UNDEF,116,SCMP_KV_3_0,116,SCMP_KV_3_0
syslog,103,SCMP_KV_3_0,103,SCMP_KV_3_0,103,SCMP_KV_3_4,103,SCMP_KV_3_0,116,SCMP_KV_3_7,116,SCMP_KV_5_19,103,SCMP_KV_3_0,103,SCMP_KV_3_0,101,SCMP_KV_3_0,101,SCMP_KV_3_0,103,SCMP_KV_3_0,103,SCMP_KV_3_0,103,SCMP_KV_3_0,103,SCMP_KV_3_0,116,SCMP_KV_4_15,103,SCMP_KV_UNDEF,103,SCMP_KV_3_0,103,SCMP_KV_3_0
sysmips,PNR,SCMP_KV_UNDEF,PNR,SCMP_KV_UNDEF,PNR,SCMP_KV_UNDEF,PNR,SCMP_KV_UNDEF,PNR,SCMP_KV_UNDEF,PNR,SCMP_KV_UNDEF,PNR,SCMP_KV_UNDEF,149,SCMP_KV_3_0,199,SCMP_KV_3_0,199,SCMP_KV_3_0,PNR,SCMP_KV_UNDEF,PNR,SCMP_KV_UNDEF,PNR,SCMP_KV_UNDEF,PNR,SCMP_KV_UNDEF,PNR,SCMP_KV_UNDEF,PNR,SCMP_KV_UNDEF,PNR,SCMP_KV_UNDEF,PNR,SCMP_KV_UNDEF
tee,315,SCMP_KV_3_0,276,SCMP_KV_3_0,276,SCMP_KV_3_4,342,SCMP_KV_3_0,77,SCMP_KV_3_7,77,SCMP_KV_5_19,308,SCMP_KV_3_0,306,SCMP_KV_3_0,265,SCMP_KV_3_0,269,SCMP_KV_3_0,293,SCMP_KV_3_0,293,SCMP_KV_3_0,284,SCMP_KV_3_0,284,SCMP_KV_3_0,77,SCMP_KV_4_15,308,SCMP_KV_UNDEF,308,SCMP_KV_3_0,315,SCMP_KV_3_0
tgkill,270,SCMP_KV_3_0,234,SCMP_KV_3_0,234,SCMP_KV_3_4,268,SCMP_KV_3_0,131,SCMP_KV_3_7,131,SCMP_KV_5_19,265,SCMP_KV_3_0,266,SCMP_KV_3_0,225,SCMP_KV_3_0,229,SCMP_KV_3_0,259,SCMP_KV_3_0,259,SCMP_KV_3_0,250,SCMP_KV_3_0,250,SCMP_KV_3_0,131,SCMP_KV_4_15,241,SCMP_KV_UNDEF,241,SCMP_KV_3_0,270,SCMP_KV_3_0
time,13,SCMP_KV_3_0,201,SCMP_KV_3_0,201,SCMP_KV_3_4,PNR,SCMP_KV_UNDEF,PNR,SCMP_KV_UNDEF,PNR,SCMP_KV_UNDEF,13,SCMP_KV_3_0,13,SCMP_KV_3_0,PNR,SCMP_KV_UNDEF,PNR,SCMP_KV_UNDEF,13,SCMP_KV_3_0,13,SCMP_KV_3_0,13,SCMP_KV_3_0,13,SCMP_KV_3_0,PNR,SCMP_KV_UNDEF,13,SCMP_KV_UNDEF,PNR,SCMP_KV_UNDEF,13,SCMP_KV_3_0
timer_create,259,SCMP_KV_3_0,222,SCMP_KV_3_0,526,SCMP_KV_3_4,257,SCMP_KV_3_0,107,SCMP_KV_3_7,107,SCMP_KV_5_19,254,SCMP_KV_3_0,257,SCMP_KV_3_0,216,SCMP_KV_3_0,220,SCMP_KV_3_0,250,SCMP_KV_3_0,250,SCMP_KV_3_0,240,SCMP_KV_3_0,240,SCMP_KV_3_0,107,SCMP_KV_4_15,254,SCMP_KV_UNDEF,254,SCMP_KV_3_0,259,SCMP_KV_3_0
timer_delete,263,SCMP_KV_3_0,226,SCMP_KV_3_0,226,SCMP_KV_3_4,261,SCMP_KV_3_0,111,SCMP_KV_3_7,111,SCMP_KV_5_19,258,SCMP_KV_3_0,261,SCMP_KV_3_0,220,SCMP_KV_3_0,224,SCMP_KV_3_0,254,SCMP_KV_3_0,254,SCMP_KV_3_0,244,SCMP_KV_3_0,244,SCMP_KV_3_0,111,SCMP_KV_4_15,258,SCMP_KV_UNDEF,258,SCMP_KV_3_0,263,SCMP_KV_3_0
timerfd,PNR,SCMP_KV_UNDEF,PNR,SCMP_KV_UNDEF,PNR,SCMP_KV_UNDEF,PNR,SCMP_KV_UNDEF,PNR,SCMP_KV_UNDEF,PNR,SCMP_KV_UNDEF,PNR,SCMP_KV_UNDEF,318,SCMP_KV_3_0,277,SCMP_KV_3_0,281,SCMP_KV_3_0,PNR,SCMP_KV_UNDEF,PNR,SCMP_KV_UNDEF,PNR,SCMP_KV_UNDEF,PNR,SCMP_KV_UNDEF,PNR,SCMP_KV_UNDEF,317,SCMP_KV_UNDEF,317,SCMP_KV_3_0,PNR,SCMP_KV_UNDEF
timerfd_create,322,SCMP_KV_3_0,283,SCMP_KV_3_0,283,SCMP_KV_3_4,350,SCMP_KV_3_0,85,SCMP_KV_3_7,85,SCMP_KV_5_19,318,SCMP_KV_3_0,321,SCMP_KV_3_0,280,SCMP_KV_3_0,284,SCMP_KV_3_0,306,SCMP_KV_3_0,306,SCMP_KV_3_0,306,SCMP_KV_3_0,306,SCMP_KV_3_0,85,SCMP_KV_4_15,319,SCMP_KV_UNDEF,319,SCMP_KV_3_0,322,SCMP_KV_3_0
timerfd_gettime,326,SCMP_KV_3_0,287,SCMP_KV_3_0,287,SCMP_KV_3_4,354,SCMP_KV_3_0,87,SCMP_KV_3_7,87,SCMP_KV_5_19,322,SCMP_KV_3_0,322,SCMP_KV_3_0,281,SCMP_KV_3_0,285,SCMP_KV_3_0,308,SCMP_KV_3_0,308,SCMP_KV_3_0,312,SCMP_KV_3_0,312,SCMP_KV_3_0,87,SCMP_KV_4_15,321,SCMP_KV_UNDEF,321,SCMP_KV_3_0,326,SCMP_KV_3_0
timerfd_gettime64,410,SCMP_KV_5_1,PNR,SCMP_KV_UNDEF,PNR,SCMP_KV_UNDEF,410,SCMP_KV_5_1,PNR,SCMP_KV_UNDEF,PNR,SCMP_KV_UNDEF,410,SCMP_KV_5_1,410,SCMP_KV_5_1,PNR,SCMP_KV_UNDEF,410,SCMP_KV_5_1,410,SCMP_KV_5_1,PNR,SCMP_KV_UNDEF,410,SCMP_KV_5_1,PNR,SCMP_KV_UNDEF,PNR,SCMP_KV_UNDEF,410,SCMP_KV_UNDEF,PNR,SCMP_KV_UNDEF,410,SCMP_KV_5_1
timerfd_settime,325,SCMP_KV_3_0,286,SCMP_KV_3_0,286,SCMP_KV_3_4,353,SCMP_KV_3_0,86,SCMP_KV_3_7,86,SCMP_KV_5_19,321,SCMP_KV_3_0,323,SCMP_KV_3_0,282,SCMP_KV_3_0,286,SCMP_KV_3_0,307,SCMP_KV_3_0,307,SCMP_KV_3_0,311,SCMP_KV_3_0,311,SCMP_KV_3_0,86,SCMP_KV_4_15,320,SCMP_KV_UNDEF,320,SCMP_KV_3_0,325,SCMP_KV_3_0
timerfd_settime64,411,SCMP_KV_5_1,PNR,SCMP_KV_UNDEF,PNR,SCMP_KV_UNDEF,411,SCMP_KV_5_1,PNR,SCMP_KV_UNDEF,PNR,SCMP_KV_UNDEF,411,SCMP_KV_5_1,411,SCMP_KV_5_1,PNR,SCMP_KV_UNDEF,411,SCMP_KV_5_1,411,SCMP_KV_5_1,PNR,SCMP_KV_UNDEF,411,SCMP_KV_5_1,PNR,SCMP_KV_UNDEF,PNR,SCMP_KV_UNDEF,411,SCMP_KV_UNDEF,PNR,SCMP_KV_UNDEF,411,SCMP_KV_5_1
timer_getoverrun,262,SCMP_KV_3_0,225,SCMP_KV_3_0,225,SCMP_KV_3_4,260,SCMP_KV_3_0,109,SCMP_KV_3_7,109,SCMP_KV_5_19,257,SCMP_KV_3_0,260,SCMP_KV_3_0,219,SCMP_KV_3_0,223,SCMP_KV_3_0,253,SCMP_KV_3_0,253,SCMP_KV_3_0,243,SCMP_KV_3_0,243,SCMP_KV_3_0,109,SCMP_KV_4_15,257,SCMP_KV_UNDEF,257,SCMP_KV_3_0,262,SCMP_KV_3_0
timer_gettime,261,SCMP_KV_3_0,224,SCMP_KV_3_0,224,SCMP_KV_3_4,259,SCMP_KV_3_0,108,SCMP_KV_3_7,108,SCMP_KV_5_19,256,SCMP_KV_3_0,259,SCMP_KV_3_0,218,SCMP_KV_3_0,222,SCMP_KV_3_0,252,SCMP_KV_3_0,252,SCMP_KV_3_0,242,SCMP_KV_3_0,242,SCMP_KV_3_0,108,SCMP_KV_4_15,256,SCMP_KV_UNDEF,256,SCMP_KV_3_0,261,SCMP_KV_3_0
timer_gettime64,408,SCMP_KV_5_1,PNR,SCMP_KV_UNDEF,PNR,SCMP_KV_UNDEF,408,SCMP_KV_5_1,PNR,SCMP_KV_UNDEF,PNR,SCMP_KV_UNDEF,408,SCMP_KV_5_1,408,SCMP_KV_5_1,PNR,SCMP_KV_UNDEF,408,SCMP_KV_5_1,408,SCMP_KV_5_1,PNR,SCMP_KV_UNDEF,408,SCMP_KV_5_1,PNR,SCMP_KV_UNDEF,PNR,SCMP_KV_UNDEF,408,SCMP_KV_UNDEF,PNR,SCMP_KV_UNDEF,408,SCMP_KV_5_1
timer_settime,260,SCMP_KV_3_0,223,SCMP_KV_3_0,223,SCMP_KV_3_4,258,SCMP_KV_3_0,110,SCMP_KV_3_7,110,SCMP_KV_5_19,255,SCMP_KV_3_0,258,SCMP_KV_3_0,217,SCMP_KV_3_0,221,SCMP_KV_3_0,251,SCMP_KV_3_0,251,SCMP_KV_3_0,241,SCMP_KV_3_0,241,SCMP_KV_3_0,110,SCMP_KV_4_15,255,SCMP_KV_UNDEF,255,SCMP_KV_3_0,260,SCMP_KV_3_0
timer_settime64,409,SCMP_KV_5_1,PNR,SCMP_KV_UNDEF,PNR,SCMP_KV_UNDEF,409,SCMP_KV_5_1,PNR,SCMP_KV_UNDEF,PNR,SCMP_KV_UNDEF,409,SCMP_KV_5_1,409,SCMP_KV_5_1,PNR,SCMP_KV_UNDEF,409,SCMP_KV_5_1,409,SCMP_KV_5_1,PNR,SCMP_KV_UNDEF,409,SCMP_KV_5_1,PNR,SCMP_KV_UNDEF,PNR,SCMP_KV_UNDEF,409,SCMP_KV_UNDEF,PNR,SCMP_KV_UNDEF,409,SCMP_KV_5_1
times,43,SCMP_KV_3_0,100,SCMP_KV_3_0,100,SCMP_KV_3_4,43,SCMP_KV_3_0,153,SCMP_KV_3_7,153,SCMP_KV_5_19,43,SCMP_KV_3_0,43,SCMP_KV_3_0,98,SCMP_KV_3_0,98,SCMP_KV_3_0,43,SCMP_KV_3_0,43,SCMP_KV_3_0,43,SCMP_KV_3_0,43,SCMP_KV_3_0,153,SCMP_KV_4_15,43,SCMP_KV_UNDEF,43,SCMP_KV_3_0,43,SCMP_KV_3_0
tkill,238,SCMP_KV_3_0,200,SCMP_KV_3_0,200,SCMP_KV_3_4,238,SCMP_KV_3_0,130,SCMP_KV_3_7,130,SCMP_KV_5_19,222,SCMP_KV_3_0,236,SCMP_KV_3_0,192,SCMP_KV_3_0,192,SCMP_KV_3_0,208,SCMP_KV_3_0,208,SCMP_KV_3_0,208,SCMP_KV_3_0,208,SCMP_KV_3_0,130,SCMP_KV_4_15,237,SCMP_KV_UNDEF,237,SCMP_KV_3_0,238,SCMP_KV_3_0
truncate,92,SCMP_KV_3_0,76,SCMP_KV_3_0,76,SCMP_KV_3_4,92,SCMP_KV_3_0,45,SCMP_KV_3_7,45,SCMP_KV_5_19,92,SCMP_KV_3_0,92,SCMP_KV_3_0,74,SCMP_KV_3_0,74,SCMP_KV_3_0,92,SCMP_KV_3_0,92,SCMP_KV_3_0,92,SCMP_KV_3_0,92,SCMP_KV_3_0,45,SCMP_KV_4_15,92,SCMP_KV_UNDEF,92,SCMP_KV_3_0,92,SCMP_KV_3_0
truncate64,193,SCMP_KV_3_0,PNR,SCMP_KV_UNDEF,PNR,SCMP_KV_UNDEF,193,SCMP_KV_3_0,PNR,SCMP_KV_UNDEF,PNR,SCMP_KV_UNDEF,193,SCMP_KV_3_0,211,SCMP_KV_3_0,PNR,SCMP_KV_UNDEF,PNR,SCMP_KV_UNDEF,199,SCMP_KV_3_0,199,SCMP_KV_3_0,193,SCMP_KV_3_0,PNR,SCMP_KV_UNDEF,PNR,SCMP_KV_UNDEF,193,SCMP_KV_UNDEF,PNR,SCMP_KV_UNDEF,193,SCMP_KV_3_0
tuxcall,PNR,SCMP_KV_UNDEF,184,SCMP_KV_UNDEF,184,SCMP_KV_UNDEF,PNR,SCMP_KV_UNDEF,PNR,SCMP_KV_UNDEF,PNR,SCMP_KV_UNDEF,PNR,SCMP_KV_UNDEF,PNR,SCMP_KV_UNDEF,PNR,SCMP_KV_UNDEF,PNR,SCMP_KV_UNDEF,PNR,SCMP_KV_UNDEF,PNR,SCMP_KV_UNDEF,225,SCMP_KV_UNDEF,225,SCMP_KV_UNDEF,PNR,SCMP_KV_UNDEF,PNR,SCMP_KV_UNDEF,PNR,SCMP_KV_UNDEF,PNR,SCMP_KV_UNDEF
ugetrlimit,191,SCMP_KV_3_0,PNR,SCMP_KV_UNDEF,PNR,SCMP_KV_UNDEF,191,SCMP_KV_3_0,PNR,SCMP_KV_UNDEF,PNR,SCMP_KV_UNDEF,191,SCMP_KV_3_0,PNR,SCMP_KV_UNDEF,PNR,SCMP_KV_UNDEF,PNR,SCMP_KV_UNDEF,PNR,SCMP_KV_UNDEF,PNR,SCMP_KV_UNDEF,190,SCMP_KV_3_0,190,SCMP_KV_3_0,PNR,SCMP_KV_UNDEF,191,SCMP_KV_UNDEF,PNR,SCMP_KV_UNDEF,191,SCMP_KV_3_0
ulimit,58,SCMP_KV_UNDEF,PNR,SCMP_KV_UNDEF,PNR,SCMP_KV_UNDEF,PNR,SCMP_KV_UNDEF,PNR,SCMP_KV_UNDEF,PNR,SCMP_KV_UNDEF,PNR,SCMP_KV_UNDEF,58,SCMP_KV_UNDEF,PNR,SCMP_KV_UNDEF,PNR,SCMP_KV_UNDEF,PNR,SCMP_KV_UNDEF,PNR,SCMP_KV_UNDEF,58,SCMP_KV_UNDEF,58,SCMP_KV_UNDEF,PNR,SCMP_KV_UNDEF,PNR,SCMP_KV_UNDEF,PNR,SCMP_KV_UNDEF,PNR,SCMP_KV_UNDEF
umask,60,SCMP_KV_3_0,95,SCMP_KV_3_0,95,SCMP_KV_3_4,60,SCMP_KV_3_0,166,SCMP_KV_3_7,166,SCMP_KV_5_19,60,SCMP_KV_3_0,60,SCMP_KV_3_0,93,SCMP_KV_3_0,93,SCMP_KV_3_0,60,SCMP_KV_3_0,60,SCMP_KV_3_0,60,SCMP_KV_3_0,60,SCMP_KV_3_0,166,SCMP_KV_4_15,60,SCMP_KV_UNDEF,60,SCMP_KV_3_0,60,SCMP_KV_3_0
umount,22,SCMP_KV_3_0,PNR,SCMP_KV_UNDEF,PNR,SCMP_KV_UNDEF,PNR,SCMP_KV_UNDEF,PNR,SCMP_KV_UNDEF,PNR,SCMP_KV_UNDEF,22,SCMP_KV_3_0,22,SCMP_KV_3_0,PNR,SCMP_KV_UNDEF,PNR,SCMP_KV_UNDEF,PNR,SCMP_KV_UNDEF,PNR,SCMP_KV_UNDEF,22,SCMP_KV_3_0,22,SCMP_KV_3_0,PNR,SCMP_KV_UNDEF,22,SCMP_KV_UNDEF,22,SCMP_KV_3_0,22,SCMP_KV_3_0
umount2,52,SCMP_KV_3_0,166,SCMP_KV_3_0,166,SCMP_KV_3_4,52,SCMP_KV_3_0,39,SCMP_KV_3_7,39,SCMP_KV_5_19,52,SCMP_KV_3_0,52,SCMP_KV_3_0,161,SCMP_KV_3_0,161,SCMP_KV_3_0,52,SCMP_KV_3_0,52,SCMP_KV_3_0,52,SCMP_KV_3_0,52,SCMP_KV_3_0,39,SCMP_KV_4_15,52,SCMP_KV_UNDEF,52,SCMP_KV_3_0,52,SCMP_KV_3_0
uname,122,SCMP_KV_3_0,63,SCMP_KV_3_0,63,SCMP_KV_3_4,122,SCMP_KV_3_0,160,SCMP_KV_3_7,160,SCMP_KV_5_19,122,SCMP_KV_3_0,122,SCMP_KV_3_0,61,SCMP_KV_3_0,61,SCMP_KV_3_0,59,SCMP_KV_3_0,59,SCMP_KV_3_0,122,SCMP_KV_3_0,122,SCMP_KV_3_0,160,SCMP_KV_4_15,122,SCMP_KV_UNDEF,122,SCMP_KV_3_0,122,SCMP_KV_3_0
unlink,10,SCMP_KV_3_0,87,SCMP_KV_3_0,87,SCMP_KV_3_4,10,SCMP_KV_3_0,PNR,SCMP_KV_UNDEF,PNR,SCMP_KV_UNDEF,10,SCMP_KV_3_0,10,SCMP_KV_3_0,85,SCMP_KV_3_0,85,SCMP_KV_3_0,10,SCMP_KV_3_0,10,SCMP_KV_3_0,10,SCMP_KV_3_0,10,SCMP_KV_3_0,PNR,SCMP_KV_UNDEF,10,SCMP_KV_UNDEF,10,SCMP_KV_3_0,10,SCMP_KV_3_0
unlinkat,301,SCMP_KV_3_0,263,SCMP_KV_3_0,263,SCMP_KV_3_4,328,SCMP_KV_3_0,35,SCMP_KV_3_7,35,SCMP_KV_5_19,294,SCMP_KV_3_0,294,SCMP_KV_3_0,253,SCMP_KV_3_0,257,SCMP_KV_3_0,281,SCMP_KV_3_0,281,SCMP_KV_3_0,292,SCMP_KV_3_0,292,SCMP_KV_3_0,35,SCMP_KV_4_15,294,SCMP_KV_UNDEF,294,SCMP_KV_3_0,301,SCMP_KV_3_0
unshare,310,SCMP_KV_3_0,272,SCMP_KV_3_0,272,SCMP_KV_3_4,337,SCMP_KV_3_0,97,SCMP_KV_3_7,97,SCMP_KV_5_19,303,SCMP_KV_3_0,303,SCMP_KV_3_0,262,SCMP_KV_3_0,266,SCMP_KV_3_0,288,SCMP_KV_3_0,288,SCMP_KV_3_0,282,SCMP_KV_3_0,282,SCMP_KV_3_0,97,SCMP_KV_4_15,303,SCMP_KV_UNDEF,303,SCMP_KV_3_0,310,SCMP_KV_3_0
uprobe,PNR,SCMP_KV_UNDEF,336,SCMP_KV_6_18,336,SCMP_KV_6_18,PNR,SCMP_KV_UNDEF,PNR,SCMP_KV_UNDEF,PNR,SCMP_KV_UNDEF,PNR,SCMP_KV_UNDEF,PNR,SCMP_KV_UNDEF,PNR,SCMP_KV_UNDEF,PNR,SCMP_KV_UNDEF,PNR,SCMP_KV_UNDEF,PNR,SCMP_KV_UNDEF,PNR,SCMP_KV_UNDEF,PNR,SCMP_KV_UNDEF,PNR,SCMP_KV_UNDEF,PNR,SCMP_KV_UNDEF,PNR,SCMP_KV_UNDEF,PNR,SCMP_KV_UNDEF
uretprobe,PNR,SCMP_KV_UNDEF,335,SCMP_KV_6_11,335,SCMP_KV_6_11,PNR,SCMP_KV_UNDEF,PNR,SCMP_KV_UNDEF,PNR,SCMP_KV_UNDEF,PNR,SCMP_KV_UNDEF,PNR,SCMP_KV_UNDEF,PNR,SCMP_KV_UNDEF,PNR,SCMP_KV_UNDEF,PNR,SCMP_KV_UNDEF,PNR,SCMP_KV_UNDEF,PNR,SCMP_KV_UNDEF,PNR,SCMP_KV_UNDEF,PNR,SCMP_KV_UNDEF,PNR,SCMP_KV_UNDEF,PNR,SCMP_KV_UNDEF,PNR,SCMP_KV_UNDEF
uselib,86,SCMP_KV_UNDEF,134,SCMP_KV_UNDEF,PNR,SCMP_KV_UNDEF,86,SCMP_KV_UNDEF,PNR,SCMP_KV_UNDEF,PNR,SCMP_KV_UNDEF,86,SCMP_KV_UNDEF,86,SCMP_KV_UNDEF,PNR,SCMP_KV_UNDEF,PNR,SCMP_KV_UNDEF,86,SCMP_KV_UNDEF,86,SCMP_KV_UNDEF,86,SCMP_KV_UNDEF,86,SCMP_KV_UNDEF,PNR,SCMP_KV_UNDEF,86,SCMP_KV_UNDEF,86,SCMP_KV_UNDEF,86,SCMP_KV_UNDEF
userfaultfd,374,SCMP_KV_4_3,323,SCMP_KV_4_3,323,SCMP_KV_4_3,388,SCMP_KV_4_3,282,SCMP_KV_4_3,282,SCMP_KV_5_19,373,SCMP_KV_4_3,357,SCMP_KV_4_3,317,SCMP_KV_4_3,321,SCMP_KV_4_3,344,SCMP_KV_4_4,344,SCMP_KV_4_4,364,SCMP_KV_4_3,364,SCMP_KV_4_3,282,SCMP_KV_4_15,355,SCMP_KV_UNDEF,355,SCMP_KV_4_3,377,SCMP_KV_4_8
usr26,PNR,SCMP_KV_UNDEF,PNR,SCMP_KV_UNDEF,PNR,SCMP_KV_UNDEF,983043,SCMP_KV_3_0,PNR,SCMP_KV_UNDEF,PNR,SCMP_KV_UNDEF,PNR,SCMP_KV_UNDEF,PNR,SCMP_KV_UNDEF,PNR,SCMP_KV_UNDEF,PNR,SCMP_KV_UNDEF,PNR,SCMP_KV_UNDEF,PNR,SCMP_KV_UNDEF,PNR,SCMP_KV_UNDEF,PNR,SCMP_KV_UNDEF,PNR,SCMP_KV_UNDEF,PNR,SCMP_KV_UNDEF,PNR,SCMP_KV_UNDEF,PNR,SCMP_KV_UNDEF
usr32,PNR,SCMP_KV_UNDEF,PNR,SCMP_KV_UNDEF,PNR,SCMP_KV_UNDEF,983044,SCMP_KV_3_0,PNR,SCMP_KV_UNDEF,PNR,SCMP_KV_UNDEF,PNR,SCMP_KV_UNDEF,PNR,SCMP_KV_UNDEF,PNR,SCMP_KV_UNDEF,PNR,SCMP_KV_UNDEF,PNR,SCMP_KV_UNDEF,PNR,SCMP_KV_UNDEF,PNR,SCMP_KV_UNDEF,PNR,SCMP_KV_UNDEF,PNR,SCMP_KV_UNDEF,PNR,SCMP_KV_UNDEF,PNR,SCMP_KV_UNDEF,PNR,SCMP_KV_UNDEF
ustat,62,SCMP_KV_3_0,136,SCMP_KV_3_0,136,SCMP_KV_3_4,62,SCMP_KV_3_0,PNR,SCMP_KV_UNDEF,PNR,SCMP_KV_UNDEF,62,SCMP_KV_3_0,62,SCMP_KV_3_0,133,SCMP_KV_3_0,133,SCMP_KV_3_0,62,SCMP_KV_3_0,62,SCMP_KV_3_0,62,SCMP_KV_3_0,62,SCMP_KV_3_0,PNR,SCMP_KV_UNDEF,62,SCMP_KV_UNDEF,62,SCMP_KV_3_0,62,SCMP_KV_3_0
utime,30,SCMP_KV_3_0,132,SCMP_KV_3_0,132,SCMP_KV_3_4,PNR,SCMP_KV_UNDEF,PNR,SCMP_KV_UNDEF,PNR,SCMP_KV_UNDEF,30,SCMP_KV_3_0,30,SCMP_KV_3_0,130,SCMP_KV_3_0,130,SCMP_KV_3_0,30,SCMP_KV_3_0,30,SCMP_KV_3_0,30,SCMP_KV_3_0,30,SCMP_KV_3_0,PNR,SCMP_KV_UNDEF,30,SCMP_KV_UNDEF,30,SCMP_KV_3_0,30,SCMP_KV_3_0
utimensat,320,SCMP_KV_3_0,280,SCMP_KV_3_0,280,SCMP_KV_3_4,348,SCMP_KV_3_0,88,SCMP_KV_3_7,88,SCMP_KV_5_19,316,SCMP_KV_3_0,316,SCMP_KV_3_0,275,SCMP_KV_3_0,279,SCMP_KV_3_0,301,SCMP_KV_3_0,301,SCMP_KV_3_0,304,SCMP_KV_3_0,304,SCMP_KV_3_0,88,SCMP_KV_4_15,315,SCMP_KV_UNDEF,315,SCMP_KV_3_0,320,SCMP_KV_3_0
utimensat_time64,412,SCMP_KV_5_1,PNR,SCMP_KV_UNDEF,PNR,SCMP_KV_UNDEF,412,SCMP_KV_5_1,PNR,SCMP_KV_UNDEF,PNR,SCMP_KV_UNDEF,412,SCMP_KV_5_1,412,SCMP_KV_5_1,PNR,SCMP_KV_UNDEF,412,SCMP_KV_5_1,412,SCMP_KV_5_1,PNR,SCMP_KV_UNDEF,412,SCMP_KV_5_1,PNR,SCMP_KV_UNDEF,PNR,SCMP_KV_UNDEF,412,SCMP_KV_UNDEF,PNR,SCMP_KV_UNDEF,412,SCMP_KV_5_1
utimes,271,SCMP_KV_3_0,235,SCMP_KV_3_0,235,SCMP_KV_3_4,269,SCMP_KV_3_0,PNR,SCMP_KV_UNDEF,PNR,SCMP_KV_UNDEF,266,SCMP_KV_3_0,267,SCMP_KV_3_0,226,SCMP_KV_3_0,230,SCMP_KV_3_0,336,SCMP_KV_3_14,336,SCMP_KV_3_14,251,SCMP_KV_3_0,251,SCMP_KV_3_0,PNR,SCMP_KV_UNDEF,313,SCMP_KV_UNDEF,313,SCMP_KV_3_0,271,SCMP_KV_3_0
vfork,190,SCMP_KV_3_0,58,SCMP_KV_3_0,58,SCMP_KV_3_4,190,SCMP_KV_3_0,PNR,SCMP_KV_UNDEF,PNR,SCMP_KV_UNDEF,190,SCMP_KV_3_0,PNR,SCMP_KV_UNDEF,PNR,SCMP_KV_UNDEF,PNR,SCMP_KV_UNDEF,113,SCMP_KV_3_0,113,SCMP_KV_3_0,189,SCMP_KV_3_0,189,SCMP_KV_3_0,PNR,SCMP_KV_UNDEF,190,SCMP_KV_UNDEF,190,SCMP_KV_3_0,190,SCMP_KV_3_0
vhangup,111,SCMP_KV_3_0,153,SCMP_KV_3_0,153,SCMP_KV_3_4,111,SCMP_KV_3_0,58,SCMP_KV_3_7,58,SCMP_KV_5_19,111,SCMP_KV_3_0,111,SCMP_KV_3_0,150,SCMP_KV_3_0,150,SCMP_KV_3_0,111,SCMP_KV_3_0,111,SCMP_KV_3_0,111,SCMP_KV_3_0,111,SCMP_KV_3_0,58,SCMP_KV_4_15,111,SCMP_KV_UNDEF,111,SCMP_KV_3_0,111,SCMP_KV_3_0
vm86,166,SCMP_KV_3_0,PNR,SCMP_KV_UNDEF,PNR,SCMP_KV_UNDEF,PNR,SCMP_KV_UNDEF,PNR,SCMP_KV_UNDEF,PNR,SCMP_KV_UNDEF,PNR,SCMP_KV_UNDEF,113,SCMP_KV_3_0,PNR,SCMP_KV_UNDEF,PNR,SCMP_KV_UNDEF,PNR,SCMP_KV_UNDEF,PNR,SCMP_KV_UNDEF,113,SCMP_KV_3_0,113,SCMP_KV_3_0,PNR,SCMP_KV_UNDEF,PNR,SCMP_KV_UNDEF,PNR,SCMP_KV_UNDEF,PNR,SCMP_KV_UNDEF
vm86old,113,SCMP_KV_3_0,PNR,SCMP_KV_UNDEF,PNR,SCMP_KV_UNDEF,PNR,SCMP_KV_UNDEF,PNR,SCMP_KV_UNDEF,PNR,SCMP_KV_UNDEF,PNR,SCMP_KV_UNDEF,PNR,SCMP_KV_UNDEF,PNR,SCMP_KV_UNDEF,PNR,SCMP_KV_UNDEF,PNR,SCMP_KV_UNDEF,PNR,SCMP_KV_UNDEF,PNR,SCMP_KV_UNDEF,PNR,SCMP_KV_UNDEF,PNR,SCMP_KV_UNDEF,PNR,SCMP_KV_UNDEF,PNR,SCMP_KV_UNDEF,PNR,SCMP_KV_UNDEF
vmsplice,316,SCMP_KV_3_0,278,SCMP_KV_3_0,532,SCMP_KV_3_4,343,SCMP_KV_3_0,75,SCMP_KV_3_7,75,SCMP_KV_5_19,309,SCMP_KV_3_0,307,SCMP_KV_3_0,266,SCMP_KV_3_0,270,SCMP_KV_3_0,294,SCMP_KV_3_0,294,SCMP_KV_3_0,285,SCMP_KV_3_0,285,SCMP_KV_3_0,75,SCMP_KV_4_15,309,SCMP_KV_UNDEF,309,SCMP_KV_3_0,316,SCMP_KV_3_0
vserver,273,SCMP_KV_UNDEF,236,SCMP_KV_UNDEF,PNR,SCMP_KV_UNDEF,313,SCMP_KV_UNDEF,PNR,SCMP_KV_UNDEF,PNR,SCMP_KV_UNDEF,PNR,SCMP_KV_UNDEF,277,SCMP_KV_UNDEF,236,SCMP_KV_UNDEF,240,SCMP_KV_UNDEF,PNR,SCMP_KV_UNDEF,PNR,SCMP_KV_UNDEF,PNR,SCMP_KV_UNDEF,PNR,SCMP_KV_UNDEF,PNR,SCMP_KV_UNDEF,PNR,SCMP_KV_UNDEF,PNR,SCMP_KV_UNDEF,PNR,SCMP_KV_UNDEF
wait4,114,SCMP_KV_3_0,61,SCMP_KV_3_0,61,SCMP_KV_3_4,114,SCMP_KV_3_0,260,SCMP_KV_3_7,260,SCMP_KV_5_19,114,SCMP_KV_3_0,114,SCMP_KV_3_0,59,SCMP_KV_3_0,59,SCMP_KV_3_0,114,SCMP_KV_3_0,114,SCMP_KV_3_0,114,SCMP_KV_3_0,114,SCMP_KV_3_0,260,SCMP_KV_4_15,114,SCMP_KV_UNDEF,114,SCMP_KV_3_0,114,SCMP_KV_3_0
waitid,284,SCMP_KV_3_0,247,SCMP_KV_3_0,529,SCMP_KV_3_4,280,SCMP_KV_3_0,95,SCMP_KV_3_7,95,SCMP_KV_5_19,277,SCMP_KV_3_0,278,SCMP_KV_3_0,237,SCMP_KV_3_0,241,SCMP_KV_3_0,235,SCMP_KV_3_0,235,SCMP_KV_3_0,272,SCMP_KV_3_0,272,SCMP_KV_3_0,95,SCMP_KV_4_15,281,SCMP_KV_UNDEF,281,SCMP_KV_3_0,284,SCMP_KV_3_0
waitpid,7,SCMP_KV_3_0,PNR,SCMP_KV_UNDEF,PNR,SCMP_KV_UNDEF,PNR,SCMP_KV_UNDEF,PNR,SCMP_KV_UNDEF,PNR,SCMP_KV_UNDEF,7,SCMP_KV_3_0,7,SCMP_KV_3_0,PNR,SCMP_KV_UNDEF,PNR,SCMP_KV_UNDEF,7,SCMP_KV_3_0,7,SCMP_KV_3_0,7,SCMP_KV_3_0,7,SCMP_KV_3_0,PNR,SCMP_KV_UNDEF,PNR,SCMP_KV_UNDEF,PNR,SCMP_KV_UNDEF,7,SCMP_KV_3_0
write,4,SCMP_KV_3_0,1,SCMP_KV_3_0,1,SCMP_KV_3_4,4,SCMP_KV_3_0,64,SCMP_KV_3_7,64,SCMP_KV_5_19,4,SCMP_KV_3_0,4,SCMP_KV_3_0,1,SCMP_KV_3_0,1,SCMP_KV_3_0,4,SCMP_KV_3_0,4,SCMP_KV_3_0,4,SCMP_KV_3_0,4,SCMP_KV_3_0,64,SCMP_KV_4_15,4,SCMP_KV_UNDEF,4,SCMP_KV_3_0,4,SCMP_KV_3_0
writev,146,SCMP_KV_3_0,20,SCMP_KV_3_0,516,SCMP_KV_3_4,146,SCMP_KV_3_0,66,SCMP_KV_3_7,66,SCMP_KV_5_19,146,SCMP_KV_3_0,146,SCMP_KV_3_0,19,SCMP_KV_3_0,19,SCMP_KV_3_0,146,SCMP_KV_3_0,146,SCMP_KV_3_0,146,SCMP_KV_3_0,146,SCMP_KV_3_0,66,SCMP_KV_4_15,146,SCMP_KV_UNDEF,146,SCMP_KV_3_0,146,SCMP_KV_3_0
